dataset,model_tier,seed,method,examples,mrr,f80,f90,auc_0_30,r_at_3,r_at_8,router_parameters,router_backbone_percent,routing_dimension,native_hidden_index_bytes,projected_index_bytes,native_detail_kv_bytes,payload_parity_max_abs_error,r_at_5pct,any_r_at_5pct,all_r_at_5pct,kv_at_5pct,r_at_10pct,any_r_at_10pct,all_r_at_10pct,kv_at_10pct,r_at_20pct,any_r_at_20pct,all_r_at_20pct,kv_at_20pct,r_at_30pct,any_r_at_30pct,all_r_at_30pct,kv_at_30pct
hotpotqa,tiny,1,post_rope_k,13,0.5673992673992674,0.3333333333333333,0.3333333333333333,0.6487179487179487,0.7692307692307693,1.0,4096,0.36985668053629217,32,3840,1920,52932.92307692308,0.0,0.3076923076923077,0.3076923076923077,0.3076923076923077,0.08490245247405971,0.6923076923076923,0.6923076923076923,0.6923076923076923,0.1414971703818903,0.7692307692307693,0.7692307692307693,0.7692307692307693,0.20145366322859398,0.9230769230769231,0.9230769230769231,0.9230769230769231,0.33455868567969216
hotpotqa,tiny,1,pre_rope_k,13,0.5443223443223443,1.0,1.0,0.5833333333333334,0.6923076923076923,0.7692307692307693,4096,0.36985668053629217,32,3840,1920,52932.92307692308,0.0,0.38461538461538464,0.38461538461538464,0.38461538461538464,0.057595874807445886,0.5384615384615384,0.5384615384615384,0.5384615384615384,0.12000219210878586,0.6923076923076923,0.6923076923076923,0.6923076923076923,0.18492456430806617,0.6923076923076923,0.6923076923076923,0.6923076923076923,0.3320755418878724
hotpotqa,tiny,1,hidden_cosine,13,0.4834812623274162,0.5333333333333333,1.0,0.5012820512820513,0.5384615384615384,0.8461538461538461,4096,0.36985668053629217,32,3840,1920,52932.92307692308,0.0,0.3076923076923077,0.3076923076923077,0.3076923076923077,0.07851331824987288,0.46153846153846156,0.46153846153846156,0.46153846153846156,0.14081799767586894,0.5384615384615384,0.5384615384615384,0.5384615384615384,0.21177240249760915,0.6923076923076923,0.6923076923076923,0.6923076923076923,0.349154605900272
hotpotqa,tiny,1,learned_projection,13,0.9230769230769231,0.06666666666666667,0.13333333333333333,0.9474358974358973,1.0,1.0,4096,0.36985668053629217,32,3840,1920,52932.92307692308,0.0,0.8461538461538461,0.8461538461538461,0.8461538461538461,0.053547514979177875,1.0,1.0,1.0,0.11755968641772932,1.0,1.0,1.0,0.19904239789824996,1.0,1.0,1.0,0.33449991631622095
hotpotqa,tiny,1,shuffled_projection,13,0.08344881614112383,1.0,1.0,0.0,0.0,0.07692307692307693,4096,0.36985668053629217,32,3840,1920,52932.92307692308,0.0,0.0,0.0,0.0,0.06508591576029275,0.0,0.0,0.0,0.1205554796465021,0.0,0.0,0.0,0.18001784231963155,0.0,0.0,0.0,0.3283758709387668
hotpotqa,tiny,7,post_rope_k,13,0.9230769230769231,0.06666666666666667,0.13333333333333333,0.9474358974358973,1.0,1.0,4096,0.36985668053629217,32,3840,1920,52932.92307692308,0.0,0.8461538461538461,0.8461538461538461,0.8461538461538461,0.0562445989680725,1.0,1.0,1.0,0.11768922552374977,1.0,1.0,1.0,0.17639053870877147,1.0,1.0,1.0,0.3171875800395861
hotpotqa,tiny,7,pre_rope_k,13,0.6948717948717948,0.2,0.3333333333333333,0.741025641025641,0.8461538461538461,1.0,4096,0.36985668053629217,32,3840,1920,52932.92307692308,0.0,0.5384615384615384,0.5384615384615384,0.5384615384615384,0.04735959518599149,0.6923076923076923,0.6923076923076923,0.6923076923076923,0.11191143330672283,0.8461538461538461,0.8461538461538461,0.8461538461538461,0.17669909902888123,0.9230769230769231,0.9230769230769231,0.9230769230769231,0.30775830072078797
hotpotqa,tiny,7,hidden_cosine,13,0.08178018562633947,1.0,1.0,0.0,0.0,0.0,4096,0.36985668053629217,32,3840,1920,52932.92307692308,0.0,0.0,0.0,0.0,0.060211869744342436,0.0,0.0,0.0,0.13100402950476933,0.0,0.0,0.0,0.20017402049330493,0.0,0.0,0.0,0.3430845778655694
hotpotqa,tiny,7,learned_projection,13,0.9615384615384616,0.06666666666666667,0.06666666666666667,0.9653846153846154,1.0,1.0,4096,0.36985668053629217,32,3840,1920,52932.92307692308,0.0,0.9230769230769231,0.9230769230769231,0.9230769230769231,0.05815928895301714,1.0,1.0,1.0,0.11458018694577023,1.0,1.0,1.0,0.17314934642793167,1.0,1.0,1.0,0.304468097504134
hotpotqa,tiny,7,shuffled_projection,13,0.0959058035981113,1.0,1.0,0.0,0.0,0.15384615384615385,4096,0.36985668053629217,32,3840,1920,52932.92307692308,0.0,0.0,0.0,0.0,0.0790649230986787,0.0,0.0,0.0,0.14592607212824385,0.0,0.0,0.0,0.22374594339852844,0.0,0.0,0.0,0.35138956470357663
hotpotqa,tiny,21,post_rope_k,13,0.6629101667563206,0.3333333333333333,1.0,0.6705128205128206,0.6923076923076923,0.8461538461538461,4096,0.36985668053629217,32,3840,1920,52932.92307692308,0.0,0.5384615384615384,0.5384615384615384,0.5384615384615384,0.06035794737829852,0.6923076923076923,0.6923076923076923,0.6923076923076923,0.11227676128626511,0.6923076923076923,0.6923076923076923,0.6923076923076923,0.19159258334005963,0.8461538461538461,0.8461538461538461,0.8461538461538461,0.3281240140546536
hotpotqa,tiny,21,pre_rope_k,13,0.36086691086691086,1.0,1.0,0.3692307692307692,0.38461538461538464,0.7692307692307693,4096,0.36985668053629217,32,3840,1920,52932.92307692308,0.0,0.15384615384615385,0.15384615384615385,0.15384615384615385,0.07039878937476604,0.3076923076923077,0.3076923076923077,0.3076923076923077,0.1318787355113826,0.38461538461538464,0.38461538461538464,0.38461538461538464,0.21229026119504354,0.6153846153846154,0.6153846153846154,0.6153846153846154,0.33571697642573217
hotpotqa,tiny,21,hidden_cosine,13,0.11709956709956709,1.0,1.0,0.06410256410256411,0.07692307692307693,0.15384615384615385,4096,0.36985668053629217,32,3840,1920,52932.92307692308,0.0,0.0,0.0,0.0,0.06853603847166077,0.07692307692307693,0.07692307692307693,0.07692307692307693,0.14314486532779647,0.07692307692307693,0.07692307692307693,0.07692307692307693,0.21263370974233672,0.15384615384615385,0.15384615384615385,0.15384615384615385,0.3642561373877602
hotpotqa,tiny,21,learned_projection,13,0.9615384615384616,0.06666666666666667,0.06666666666666667,0.9653846153846154,1.0,1.0,4096,0.36985668053629217,32,3840,1920,52932.92307692308,0.0,0.9230769230769231,0.9230769230769231,0.9230769230769231,0.0608513361246308,1.0,1.0,1.0,0.12011981075781927,1.0,1.0,1.0,0.18794840672609264,1.0,1.0,1.0,0.2979239489808934
hotpotqa,tiny,21,shuffled_projection,13,0.1485958485958486,1.0,1.0,0.057692307692307696,0.07692307692307693,0.6153846153846154,4096,0.36985668053629217,32,3840,1920,52932.92307692308,0.0,0.0,0.0,0.0,0.07638684721867581,0.0,0.0,0.0,0.15830594488836794,0.07692307692307693,0.07692307692307693,0.07692307692307693,0.23569914822098925,0.23076923076923078,0.23076923076923078,0.23076923076923078,0.35384909955693816
hotpotqa,tiny,42,post_rope_k,13,1.0,0.06666666666666667,0.06666666666666667,0.9833333333333333,1.0,1.0,4096,0.36985668053629217,32,3840,1920,52932.92307692308,0.0,1.0,1.0,1.0,0.056370380187364184,1.0,1.0,1.0,0.12365199209720855,1.0,1.0,1.0,0.19455632944001147,1.0,1.0,1.0,0.30876971748698884
hotpotqa,tiny,42,pre_rope_k,13,0.8717948717948718,0.13333333333333333,0.13333333333333333,0.9166666666666667,1.0,1.0,4096,0.36985668053629217,32,3840,1920,52932.92307692308,0.0,0.7692307692307693,0.7692307692307693,0.7692307692307693,0.05387575511966466,0.9230769230769231,0.9230769230769231,0.9230769230769231,0.11828635896383523,1.0,1.0,1.0,0.18690346864295554,1.0,1.0,1.0,0.32857097943042424
hotpotqa,tiny,42,hidden_cosine,13,0.08531831416446801,1.0,1.0,0.0,0.0,0.07692307692307693,4096,0.36985668053629217,32,3840,1920,52932.92307692308,0.0,0.0,0.0,0.0,0.0889671066364463,0.0,0.0,0.0,0.1637314426304316,0.0,0.0,0.0,0.2335487059753691,0.0,0.0,0.0,0.3675154500739869
hotpotqa,tiny,42,learned_projection,13,0.9615384615384616,0.06666666666666667,0.06666666666666667,0.9653846153846154,1.0,1.0,4096,0.36985668053629217,32,3840,1920,52932.92307692308,0.0,0.9230769230769231,0.9230769230769231,0.9230769230769231,0.057794881611865606,1.0,1.0,1.0,0.11823739660736894,1.0,1.0,1.0,0.17656381940268343,1.0,1.0,1.0,0.3139515681572628
hotpotqa,tiny,42,shuffled_projection,13,0.09136227020842405,1.0,1.0,0.006410256410256409,0.0,0.15384615384615385,4096,0.36985668053629217,32,3840,1920,52932.92307692308,0.0,0.0,0.0,0.0,0.08410223268478403,0.0,0.0,0.0,0.1560884811082664,0.0,0.0,0.0,0.2256354457892522,0.07692307692307693,0.07692307692307693,0.07692307692307693,0.37247955980701264
hotpotqa,tiny,87,post_rope_k,13,0.9615384615384616,0.06666666666666667,0.06666666666666667,0.9653846153846154,1.0,1.0,4096,0.36985668053629217,32,3840,1920,52932.92307692308,0.0,0.9230769230769231,0.9230769230769231,0.9230769230769231,0.05706338088036488,1.0,1.0,1.0,0.11671060759495487,1.0,1.0,1.0,0.17525414509470527,1.0,1.0,1.0,0.31135398180960316
hotpotqa,tiny,87,pre_rope_k,13,0.6410256410256411,0.2,0.2,0.7884615384615384,1.0,1.0,4096,0.36985668053629217,32,3840,1920,52932.92307692308,0.0,0.38461538461538464,0.38461538461538464,0.38461538461538464,0.054492899293333494,0.6923076923076923,0.6923076923076923,0.6923076923076923,0.1108823017400018,1.0,1.0,1.0,0.17538320475916208,1.0,1.0,1.0,0.30678705421364805
hotpotqa,tiny,87,hidden_cosine,13,0.28327228327228327,0.5333333333333333,1.0,0.25512820512820517,0.3076923076923077,0.8461538461538461,4096,0.36985668053629217,32,3840,1920,52932.92307692308,0.0,0.07692307692307693,0.07692307692307693,0.07692307692307693,0.07834311913229398,0.23076923076923078,0.23076923076923078,0.23076923076923078,0.15013036226060905,0.3076923076923077,0.3076923076923077,0.3076923076923077,0.23299843463381967,0.38461538461538464,0.38461538461538464,0.38461538461538464,0.37275665961110843
hotpotqa,tiny,87,learned_projection,13,0.9615384615384616,0.06666666666666667,0.06666666666666667,0.9653846153846154,1.0,1.0,4096,0.36985668053629217,32,3840,1920,52932.92307692308,0.0,0.9230769230769231,0.9230769230769231,0.9230769230769231,0.0611355265454309,1.0,1.0,1.0,0.12239974002786592,1.0,1.0,1.0,0.1900987958947883,1.0,1.0,1.0,0.3114296699658824
hotpotqa,tiny,87,shuffled_projection,13,0.21123876123876123,1.0,1.0,0.13974358974358975,0.15384615384615385,0.38461538461538464,4096,0.36985668053629217,32,3840,1920,52932.92307692308,0.0,0.07692307692307693,0.07692307692307693,0.07692307692307693,0.04755798788110765,0.15384615384615385,0.15384615384615385,0.15384615384615385,0.10366330854672462,0.15384615384615385,0.15384615384615385,0.15384615384615385,0.15782549944617477,0.23076923076923078,0.23076923076923078,0.23076923076923078,0.29825790863288293
hotpotqa,small,1,post_rope_k,13,0.4552197802197802,0.5333333333333333,0.5333333333333333,0.4243589743589744,0.46153846153846156,1.0,8192,0.31375625061280515,32,7680,1920,105865.84615384616,0.0,0.3076923076923077,0.3076923076923077,0.3076923076923077,0.05099684814279675,0.3076923076923077,0.3076923076923077,0.3076923076923077,0.12333852835033801,0.46153846153846156,0.46153846153846156,0.46153846153846156,0.19001344276012896,0.6923076923076923,0.6923076923076923,0.6923076923076923,0.3205009305251817
hotpotqa,small,1,pre_rope_k,13,0.43321123321123317,1.0,1.0,0.36025641025641036,0.38461538461538464,0.7692307692307693,8192,0.31375625061280515,32,7680,1920,105865.84615384616,0.0,0.3076923076923077,0.3076923076923077,0.3076923076923077,0.061777191934464855,0.38461538461538464,0.38461538461538464,0.38461538461538464,0.12951491947168103,0.38461538461538464,0.38461538461538464,0.38461538461538464,0.1991950945245592,0.38461538461538464,0.38461538461538464,0.38461538461538464,0.3107100290427318
hotpotqa,small,1,hidden_cosine,13,0.11782661782661782,1.0,1.0,0.006410256410256409,0.0,0.38461538461538464,8192,0.31375625061280515,32,7680,1920,105865.84615384616,0.0,0.0,0.0,0.0,0.07821862494072811,0.0,0.0,0.0,0.13944248898535386,0.0,0.0,0.0,0.20588703076171513,0.07692307692307693,0.07692307692307693,0.07692307692307693,0.34398406582175844
hotpotqa,small,1,learned_projection,13,0.9615384615384616,0.06666666666666667,0.06666666666666667,0.9653846153846154,1.0,1.0,8192,0.31375625061280515,32,7680,1920,105865.84615384616,0.0,0.9230769230769231,0.9230769230769231,0.9230769230769231,0.053230662761932473,1.0,1.0,1.0,0.11507380614369062,1.0,1.0,1.0,0.1760684740968246,1.0,1.0,1.0,0.3176508577507072
hotpotqa,small,1,shuffled_projection,13,0.1362998112998113,1.0,1.0,0.057692307692307696,0.07692307692307693,0.38461538461538464,8192,0.31375625061280515,32,7680,1920,105865.84615384616,0.0,0.0,0.0,0.0,0.059018005372487074,0.0,0.0,0.0,0.1345995142017535,0.07692307692307693,0.07692307692307693,0.07692307692307693,0.19699353222771007,0.23076923076923078,0.23076923076923078,0.23076923076923078,0.32722936318137263
hotpotqa,small,7,post_rope_k,13,0.8807692307692307,0.06666666666666667,0.26666666666666666,0.8576923076923076,0.8461538461538461,1.0,8192,0.31375625061280515,32,7680,1920,105865.84615384616,0.0,0.8461538461538461,0.8461538461538461,0.8461538461538461,0.05419905277331833,0.8461538461538461,0.8461538461538461,0.8461538461538461,0.10955100203191445,0.8461538461538461,0.8461538461538461,0.8461538461538461,0.16766606327284292,1.0,1.0,1.0,0.3243947772437522
hotpotqa,small,7,pre_rope_k,13,0.7481684981684982,0.5333333333333333,0.5333333333333333,0.7,0.6923076923076923,1.0,8192,0.31375625061280515,32,7680,1920,105865.84615384616,0.0,0.6923076923076923,0.6923076923076923,0.6923076923076923,0.06720614682460674,0.6923076923076923,0.6923076923076923,0.6923076923076923,0.14324355548990303,0.6923076923076923,0.6923076923076923,0.6923076923076923,0.20125300620969738,0.7692307692307693,0.7692307692307693,0.7692307692307693,0.31804022533701554
hotpotqa,small,7,hidden_cosine,13,0.1011016761016761,1.0,1.0,0.0,0.0,0.23076923076923078,8192,0.31375625061280515,32,7680,1920,105865.84615384616,0.0,0.0,0.0,0.0,0.07741805957049813,0.0,0.0,0.0,0.1420126231089714,0.0,0.0,0.0,0.203593649395472,0.0,0.0,0.0,0.34268880011810193
hotpotqa,small,7,learned_projection,13,1.0,0.06666666666666667,0.06666666666666667,0.9833333333333333,1.0,1.0,8192,0.31375625061280515,32,7680,1920,105865.84615384616,0.0,1.0,1.0,1.0,0.056370380187364184,1.0,1.0,1.0,0.13878908006960494,1.0,1.0,1.0,0.20456323186073358,1.0,1.0,1.0,0.31551379267276514
hotpotqa,small,7,shuffled_projection,13,0.14535827420442804,1.0,1.0,0.05128205128205129,0.07692307692307693,0.5384615384615384,8192,0.31375625061280515,32,7680,1920,105865.84615384616,0.0,0.0,0.0,0.0,0.05318022973783196,0.0,0.0,0.0,0.12251518985207614,0.07692307692307693,0.07692307692307693,0.07692307692307693,0.1870847361955724,0.15384615384615385,0.15384615384615385,0.15384615384615385,0.31254901906433036
hotpotqa,small,21,post_rope_k,13,0.41419413919413917,0.5333333333333333,0.5333333333333333,0.4,0.46153846153846156,1.0,8192,0.31375625061280515,32,7680,1920,105865.84615384616,0.0,0.23076923076923078,0.23076923076923078,0.23076923076923078,0.05564148543712728,0.3076923076923077,0.3076923076923077,0.3076923076923077,0.1110608993886446,0.46153846153846156,0.46153846153846156,0.46153846153846156,0.17219980599562887,0.6153846153846154,0.6153846153846154,0.6153846153846154,0.3254684475422881
hotpotqa,small,21,pre_rope_k,13,0.6673992673992674,0.2,0.3333333333333333,0.735897435897436,0.8461538461538461,1.0,8192,0.31375625061280515,32,7680,1920,105865.84615384616,0.0,0.46153846153846156,0.46153846153846156,0.46153846153846156,0.05958065873660515,0.7692307692307693,0.7692307692307693,0.7692307692307693,0.11489493957523514,0.8461538461538461,0.8461538461538461,0.8461538461538461,0.17719406862980308,0.9230769230769231,0.9230769230769231,0.9230769230769231,0.2929616230031443
hotpotqa,small,21,hidden_cosine,13,0.06861087630318399,1.0,1.0,0.0,0.0,0.0,8192,0.31375625061280515,32,7680,1920,105865.84615384616,0.0,0.0,0.0,0.0,0.07782818046823763,0.0,0.0,0.0,0.18058090848029054,0.0,0.0,0.0,0.2666274086990891,0.0,0.0,0.0,0.40724386865021783
hotpotqa,small,21,learned_projection,13,1.0,0.06666666666666667,0.06666666666666667,0.9833333333333333,1.0,1.0,8192,0.31375625061280515,32,7680,1920,105865.84615384616,0.0,1.0,1.0,1.0,0.056370380187364184,1.0,1.0,1.0,0.11335782786893724,1.0,1.0,1.0,0.16910109694329775,1.0,1.0,1.0,0.30854577082287754
hotpotqa,small,21,shuffled_projection,13,0.13226303610918994,1.0,1.0,0.08974358974358976,0.15384615384615385,0.38461538461538464,8192,0.31375625061280515,32,7680,1920,105865.84615384616,0.0,0.0,0.0,0.0,0.059991824818371994,0.0,0.0,0.0,0.1282715083215424,0.15384615384615385,0.15384615384615385,0.15384615384615385,0.20228941252907234,0.15384615384615385,0.15384615384615385,0.15384615384615385,0.34003540217093514
hotpotqa,small,42,post_rope_k,13,0.742948717948718,0.2,0.3333333333333333,0.7717948717948718,0.8461538461538461,1.0,8192,0.31375625061280515,32,7680,1920,105865.84615384616,0.0,0.6153846153846154,0.6153846153846154,0.6153846153846154,0.05228878791793168,0.7692307692307693,0.7692307692307693,0.7692307692307693,0.11018072789989054,0.8461538461538461,0.8461538461538461,0.8461538461538461,0.17482158010141144,0.9230769230769231,0.9230769230769231,0.9230769230769231,0.3203264604574875
hotpotqa,small,42,pre_rope_k,13,0.6576312576312576,0.5333333333333333,1.0,0.6512820512820513,0.6923076923076923,0.8461538461538461,8192,0.31375625061280515,32,7680,1920,105865.84615384616,0.0,0.5384615384615384,0.5384615384615384,0.5384615384615384,0.053802654735835294,0.6923076923076923,0.6923076923076923,0.6923076923076923,0.11429890535923025,0.6923076923076923,0.6923076923076923,0.6923076923076923,0.18207302756688826,0.7692307692307693,0.7692307692307693,0.7692307692307693,0.3129971867123627
hotpotqa,small,42,hidden_cosine,13,0.0781116319577858,1.0,1.0,0.0,0.0,0.07692307692307693,8192,0.31375625061280515,32,7680,1920,105865.84615384616,0.0,0.0,0.0,0.0,0.08796827147782221,0.0,0.0,0.0,0.17642312581742223,0.0,0.0,0.0,0.24005888120367447,0.0,0.0,0.0,0.3625893083536955
hotpotqa,small,42,learned_projection,13,1.0,0.06666666666666667,0.06666666666666667,0.9833333333333333,1.0,1.0,8192,0.31375625061280515,32,7680,1920,105865.84615384616,0.0,1.0,1.0,1.0,0.056370380187364184,1.0,1.0,1.0,0.11930484983465008,1.0,1.0,1.0,0.17529677758346518,1.0,1.0,1.0,0.3028882002082758
hotpotqa,small,42,shuffled_projection,13,0.10552588437203822,1.0,1.0,0.01923076923076923,0.0,0.23076923076923078,8192,0.31375625061280515,32,7680,1920,105865.84615384616,0.0,0.0,0.0,0.0,0.08650376306464638,0.0,0.0,0.0,0.1575344387129579,0.0,0.0,0.0,0.2244020486091063,0.07692307692307693,0.07692307692307693,0.07692307692307693,0.34984490629075865
hotpotqa,small,87,post_rope_k,13,0.27371794871794874,0.5333333333333333,0.5333333333333333,0.2692307692307692,0.3076923076923077,1.0,8192,0.31375625061280515,32,7680,1920,105865.84615384616,0.0,0.0,0.0,0.0,0.06039236111620558,0.3076923076923077,0.3076923076923077,0.3076923076923077,0.11759134735318279,0.3076923076923077,0.3076923076923077,0.3076923076923077,0.19792462480616557,0.6153846153846154,0.6153846153846154,0.6153846153846154,0.3231409217185217
hotpotqa,small,87,pre_rope_k,13,0.39194139194139194,0.5333333333333333,0.5333333333333333,0.3230769230769231,0.3076923076923077,1.0,8192,0.31375625061280515,32,7680,1920,105865.84615384616,0.0,0.23076923076923078,0.23076923076923078,0.23076923076923078,0.06579518876704561,0.3076923076923077,0.3076923076923077,0.3076923076923077,0.13644750235825379,0.3076923076923077,0.3076923076923077,0.3076923076923077,0.20521006591957364,0.46153846153846156,0.46153846153846156,0.46153846153846156,0.312227343819209
hotpotqa,small,87,hidden_cosine,13,0.10964590964590964,1.0,1.0,0.006410256410256409,0.0,0.46153846153846156,8192,0.31375625061280515,32,7680,1920,105865.84615384616,0.0,0.0,0.0,0.0,0.09341723105734254,0.0,0.0,0.0,0.170189737543547,0.0,0.0,0.0,0.23919967816315324,0.07692307692307693,0.07692307692307693,0.07692307692307693,0.37430638109417913
hotpotqa,small,87,learned_projection,13,1.0,0.06666666666666667,0.06666666666666667,0.9833333333333333,1.0,1.0,8192,0.31375625061280515,32,7680,1920,105865.84615384616,0.0,1.0,1.0,1.0,0.056370380187364184,1.0,1.0,1.0,0.11591894399737007,1.0,1.0,1.0,0.1745714464212955,1.0,1.0,1.0,0.31703372986846945
hotpotqa,small,87,shuffled_projection,13,0.13720147373993527,1.0,1.0,0.08974358974358976,0.15384615384615385,0.38461538461538464,8192,0.31375625061280515,32,7680,1920,105865.84615384616,0.0,0.0,0.0,0.0,0.06619909536191004,0.0,0.0,0.0,0.13573433294530782,0.15384615384615385,0.15384615384615385,0.15384615384615385,0.20109343426014134,0.15384615384615385,0.15384615384615385,0.15384615384615385,0.3309563855963887
qasper,tiny,1,post_rope_k,13,0.9615384615384616,0.06666666666666667,0.06666666666666667,0.9653846153846154,1.0,1.0,4096,0.7922753156721961,32,3840,1920,55296.0,0.0,0.9230769230769231,0.9230769230769231,0.9230769230769231,0.05363472438462375,1.0,1.0,1.0,0.10677785246267339,1.0,1.0,1.0,0.1673086047528242,1.0,1.0,1.0,0.3054205857873028
qasper,tiny,1,pre_rope_k,13,1.0,0.06666666666666667,0.06666666666666667,0.9833333333333333,1.0,1.0,4096,0.7922753156721961,32,3840,1920,55296.0,0.0,1.0,1.0,1.0,0.05432772507762444,1.0,1.0,1.0,0.10427704085336724,1.0,1.0,1.0,0.17357733491898883,1.0,1.0,1.0,0.3033873858247562
qasper,tiny,1,hidden_cosine,13,0.14727195881042035,1.0,1.0,0.14102564102564105,0.23076923076923078,0.3076923076923077,4096,0.7922753156721961,32,3840,1920,55296.0,0.0,0.0,0.0,0.0,0.06889416927037909,0.0,0.0,0.0,0.13362270163134304,0.23076923076923078,0.23076923076923078,0.23076923076923078,0.20455231780679434,0.3076923076923077,0.3076923076923077,0.3076923076923077,0.3469080176308186
qasper,tiny,1,learned_projection,13,1.0,0.06666666666666667,0.06666666666666667,0.9833333333333333,1.0,1.0,4096,0.7922753156721961,32,3840,1920,55296.0,0.0,1.0,1.0,1.0,0.05432772507762444,1.0,1.0,1.0,0.11226547625404959,1.0,1.0,1.0,0.16951339896925713,1.0,1.0,1.0,0.3199667932740128
qasper,tiny,1,shuffled_projection,13,0.12975720860336246,1.0,1.0,0.04487179487179488,0.07692307692307693,0.38461538461538464,4096,0.7922753156721961,32,3840,1920,55296.0,0.0,0.0,0.0,0.0,0.05910233983672618,0.0,0.0,0.0,0.1258996890138444,0.07692307692307693,0.07692307692307693,0.07692307692307693,0.19397915263416887,0.07692307692307693,0.07692307692307693,0.07692307692307693,0.33095677063376877
qasper,tiny,7,post_rope_k,13,0.8846153846153846,0.13333333333333333,0.13333333333333333,0.9294871794871795,1.0,1.0,4096,0.7922753156721961,32,3840,1920,55296.0,0.0,0.7692307692307693,0.7692307692307693,0.7692307692307693,0.06158354957736936,1.0,1.0,1.0,0.13332164285342826,1.0,1.0,1.0,0.1948271026454989,1.0,1.0,1.0,0.3067703591565843
qasper,tiny,7,pre_rope_k,13,0.4998121536583075,0.5333333333333333,1.0,0.5525641025641025,0.6923076923076923,0.8461538461538461,4096,0.7922753156721961,32,3840,1920,55296.0,0.0,0.3076923076923077,0.3076923076923077,0.3076923076923077,0.053498587383918696,0.46153846153846156,0.46153846153846156,0.46153846153846156,0.10695130780271289,0.6923076923076923,0.6923076923076923,0.6923076923076923,0.16273020559397955,0.6923076923076923,0.6923076923076923,0.6923076923076923,0.28020058834863165
qasper,tiny,7,hidden_cosine,13,0.3962435000896539,1.0,1.0,0.4717948717948718,0.6153846153846154,0.7692307692307693,4096,0.7922753156721961,32,3840,1920,55296.0,0.0,0.15384615384615385,0.15384615384615385,0.15384615384615385,0.07034961661485939,0.38461538461538464,0.38461538461538464,0.38461538461538464,0.13667143391271436,0.6153846153846154,0.6153846153846154,0.6153846153846154,0.20658465678209645,0.7692307692307693,0.7692307692307693,0.7692307692307693,0.3355934056616375
qasper,tiny,7,learned_projection,13,1.0,0.06666666666666667,0.06666666666666667,0.9833333333333333,1.0,1.0,4096,0.7922753156721961,32,3840,1920,55296.0,0.0,1.0,1.0,1.0,0.05432772507762444,1.0,1.0,1.0,0.10788223445907949,1.0,1.0,1.0,0.17375318190312475,1.0,1.0,1.0,0.3065678696865082
qasper,tiny,7,shuffled_projection,13,0.15695501080116464,1.0,1.0,0.10256410256410257,0.07692307692307693,0.46153846153846156,4096,0.7922753156721961,32,3840,1920,55296.0,0.0,0.0,0.0,0.0,0.08905361645452305,0.07692307692307693,0.07692307692307693,0.07692307692307693,0.15657302738997605,0.07692307692307693,0.07692307692307693,0.07692307692307693,0.2272019554307586,0.3076923076923077,0.3076923076923077,0.3076923076923077,0.37125377375223584
qasper,tiny,21,post_rope_k,13,0.23693528693528695,0.5333333333333333,1.0,0.22435897435897437,0.3076923076923077,0.8461538461538461,4096,0.7922753156721961,32,3840,1920,55296.0,0.0,0.0,0.0,0.0,0.06735204073733571,0.15384615384615385,0.15384615384615385,0.15384615384615385,0.1265635835010698,0.3076923076923077,0.3076923076923077,0.3076923076923077,0.19631170651060004,0.5384615384615384,0.5384615384615384,0.5384615384615384,0.3395890277138284
qasper,tiny,21,pre_rope_k,13,0.07975806245037013,1.0,1.0,0.0,0.0,0.07692307692307693,4096,0.7922753156721961,32,3840,1920,55296.0,0.0,0.0,0.0,0.0,0.060383324253076166,0.0,0.0,0.0,0.12616215213383722,0.0,0.0,0.0,0.189646925209569,0.0,0.0,0.0,0.31908413112481215
qasper,tiny,21,hidden_cosine,13,0.6341222879684417,0.26666666666666666,0.26666666666666666,0.6974358974358975,0.7692307692307693,0.9230769230769231,4096,0.7922753156721961,32,3840,1920,55296.0,0.0,0.46153846153846156,0.46153846153846156,0.46153846153846156,0.05546354188005874,0.6153846153846154,0.6153846153846154,0.6153846153846154,0.1116439417630423,0.7692307692307693,0.7692307692307693,0.7692307692307693,0.17854068120676267,0.9230769230769231,0.9230769230769231,0.9230769230769231,0.30562927608296875
qasper,tiny,21,learned_projection,13,0.9615384615384616,0.06666666666666667,0.06666666666666667,0.9653846153846154,1.0,1.0,4096,0.7922753156721961,32,3840,1920,55296.0,0.0,0.9230769230769231,0.9230769230769231,0.9230769230769231,0.051996722746622114,1.0,1.0,1.0,0.11902074169921158,1.0,1.0,1.0,0.18914898575127517,1.0,1.0,1.0,0.31633215689697725
qasper,tiny,21,shuffled_projection,13,0.07256077256077256,1.0,1.0,0.0,0.0,0.0,4096,0.7922753156721961,32,3840,1920,55296.0,0.0,0.0,0.0,0.0,0.06344588840700846,0.0,0.0,0.0,0.14135664692535055,0.0,0.0,0.0,0.20752368253768563,0.0,0.0,0.0,0.34501797450501487
qasper,tiny,42,post_rope_k,13,0.8294871794871794,0.2,0.26666666666666666,0.8269230769230769,0.8461538461538461,1.0,4096,0.7922753156721961,32,3840,1920,55296.0,0.0,0.7692307692307693,0.7692307692307693,0.7692307692307693,0.054412976569525554,0.7692307692307693,0.7692307692307693,0.7692307692307693,0.10492347705559456,0.8461538461538461,0.8461538461538461,0.8461538461538461,0.16861572788192697,1.0,1.0,1.0,0.2982129056373614
qasper,tiny,42,pre_rope_k,13,0.3818376068376068,1.0,1.0,0.43333333333333335,0.5384615384615384,0.6923076923076923,4096,0.7922753156721961,32,3840,1920,55296.0,0.0,0.15384615384615385,0.15384615384615385,0.15384615384615385,0.04925003004935702,0.38461538461538464,0.38461538461538464,0.38461538461538464,0.10225717741939559,0.5384615384615384,0.5384615384615384,0.5384615384615384,0.16420825902886868,0.6153846153846154,0.6153846153846154,0.6153846153846154,0.2995777326595037
qasper,tiny,42,hidden_cosine,13,0.17646135915366684,1.0,1.0,0.16025641025641027,0.23076923076923078,0.38461538461538464,4096,0.7922753156721961,32,3840,1920,55296.0,0.0,0.0,0.0,0.0,0.06367802734558835,0.15384615384615385,0.15384615384615385,0.15384615384615385,0.13579893638107132,0.23076923076923078,0.23076923076923078,0.23076923076923078,0.21534466143659092,0.23076923076923078,0.23076923076923078,0.23076923076923078,0.35548821588093354
qasper,tiny,42,learned_projection,13,0.8717948717948718,0.13333333333333333,0.13333333333333333,0.9166666666666667,1.0,1.0,4096,0.7922753156721961,32,3840,1920,55296.0,0.0,0.7692307692307693,0.7692307692307693,0.7692307692307693,0.05090952467556303,0.9230769230769231,0.9230769230769231,0.9230769230769231,0.10562049232468758,1.0,1.0,1.0,0.1631792795467285,1.0,1.0,1.0,0.3089381604035332
qasper,tiny,42,shuffled_projection,13,0.12667695552310937,1.0,1.0,0.057692307692307696,0.07692307692307693,0.3076923076923077,4096,0.7922753156721961,32,3840,1920,55296.0,0.0,0.0,0.0,0.0,0.08440831549991322,0.07692307692307693,0.07692307692307693,0.07692307692307693,0.15761226622577207,0.07692307692307693,0.07692307692307693,0.07692307692307693,0.22694158766178557,0.07692307692307693,0.07692307692307693,0.07692307692307693,0.3750801999383395
qasper,tiny,87,post_rope_k,13,0.5381285381285381,1.0,1.0,0.5115384615384615,0.5384615384615384,0.5384615384615384,4096,0.7922753156721961,32,3840,1920,55296.0,0.0,0.46153846153846156,0.46153846153846156,0.46153846153846156,0.06072206635699132,0.5384615384615384,0.5384615384615384,0.5384615384615384,0.12497677054152079,0.5384615384615384,0.5384615384615384,0.5384615384615384,0.18295337539949236,0.5384615384615384,0.5384615384615384,0.5384615384615384,0.3104008454598211
qasper,tiny,87,pre_rope_k,13,0.5435897435897435,0.3333333333333333,0.5333333333333333,0.532051282051282,0.5384615384615384,1.0,4096,0.7922753156721961,32,3840,1920,55296.0,0.0,0.38461538461538464,0.38461538461538464,0.38461538461538464,0.059639880859700616,0.46153846153846156,0.46153846153846156,0.46153846153846156,0.1288371282256777,0.5384615384615384,0.5384615384615384,0.5384615384615384,0.18363559849576955,0.8461538461538461,0.8461538461538461,0.8461538461538461,0.3092315811956573
qasper,tiny,87,hidden_cosine,13,0.22515262515262513,1.0,1.0,0.2102564102564103,0.3076923076923077,0.46153846153846156,4096,0.7922753156721961,32,3840,1920,55296.0,0.0,0.07692307692307693,0.07692307692307693,0.07692307692307693,0.07632031274737636,0.07692307692307693,0.07692307692307693,0.07692307692307693,0.1480745915941528,0.3076923076923077,0.3076923076923077,0.3076923076923077,0.2081114026179373,0.3076923076923077,0.3076923076923077,0.3076923076923077,0.33878287251460193
qasper,tiny,87,learned_projection,13,1.0,0.06666666666666667,0.06666666666666667,0.9833333333333333,1.0,1.0,4096,0.7922753156721961,32,3840,1920,55296.0,0.0,1.0,1.0,1.0,0.05432772507762444,1.0,1.0,1.0,0.10834192894756163,1.0,1.0,1.0,0.1625254964895579,1.0,1.0,1.0,0.2927972924394981
qasper,tiny,87,shuffled_projection,13,0.1290931290931291,1.0,1.0,0.06410256410256411,0.07692307692307693,0.38461538461538464,4096,0.7922753156721961,32,3840,1920,55296.0,0.0,0.0,0.0,0.0,0.05941654424620389,0.0,0.0,0.0,0.12473807076105062,0.07692307692307693,0.07692307692307693,0.07692307692307693,0.1884137870591657,0.15384615384615385,0.15384615384615385,0.15384615384615385,0.32449170376674136
qasper,small,1,post_rope_k,13,0.595054945054945,0.3333333333333333,0.5333333333333333,0.5756410256410256,0.5384615384615384,1.0,8192,0.572860723236663,32,7680,1920,110592.0,0.0,0.46153846153846156,0.46153846153846156,0.46153846153846156,0.056095692139709157,0.5384615384615384,0.5384615384615384,0.5384615384615384,0.12105532568939562,0.5384615384615384,0.5384615384615384,0.5384615384615384,0.19210520004191378,0.8461538461538461,0.8461538461538461,0.8461538461538461,0.32831531361227506
qasper,small,1,pre_rope_k,13,0.5323260073260073,0.5333333333333333,0.5333333333333333,0.4999999999999999,0.5384615384615384,1.0,8192,0.572860723236663,32,7680,1920,110592.0,0.0,0.38461538461538464,0.38461538461538464,0.38461538461538464,0.052262288833898336,0.5384615384615384,0.5384615384615384,0.5384615384615384,0.11070329651699648,0.5384615384615384,0.5384615384615384,0.5384615384615384,0.1745492428453979,0.6153846153846154,0.6153846153846154,0.6153846153846154,0.30993553988206346
qasper,small,1,hidden_cosine,13,0.07020287404902789,1.0,1.0,0.0,0.0,0.0,8192,0.572860723236663,32,7680,1920,110592.0,0.0,0.0,0.0,0.0,0.0824678084187752,0.0,0.0,0.0,0.15014786608331182,0.0,0.0,0.0,0.22709641069445327,0.0,0.0,0.0,0.36472940697019535
qasper,small,1,learned_projection,13,1.0,0.06666666666666667,0.06666666666666667,0.9833333333333333,1.0,1.0,8192,0.572860723236663,32,7680,1920,110592.0,0.0,1.0,1.0,1.0,0.05432772507762444,1.0,1.0,1.0,0.11039532905241518,1.0,1.0,1.0,0.16587383444820253,1.0,1.0,1.0,0.32072977975081807
qasper,small,1,shuffled_projection,13,0.07776838546069315,1.0,1.0,0.0,0.0,0.0,8192,0.572860723236663,32,7680,1920,110592.0,0.0,0.0,0.0,0.0,0.06391265977404498,0.0,0.0,0.0,0.1332415294654719,0.0,0.0,0.0,0.1985891751242075,0.0,0.0,0.0,0.3302292824877927
qasper,small,7,post_rope_k,13,0.5174908424908424,0.5333333333333333,0.5333333333333333,0.46794871794871795,0.46153846153846156,1.0,8192,0.572860723236663,32,7680,1920,110592.0,0.0,0.38461538461538464,0.38461538461538464,0.38461538461538464,0.05819514974816965,0.46153846153846156,0.46153846153846156,0.46153846153846156,0.11727306286643574,0.46153846153846156,0.46153846153846156,0.46153846153846156,0.19197917921029545,0.6923076923076923,0.6923076923076923,0.6923076923076923,0.32182013869612064
qasper,small,7,pre_rope_k,13,0.37774725274725274,0.5333333333333333,0.5333333333333333,0.3820512820512821,0.38461538461538464,0.9230769230769231,8192,0.572860723236663,32,7680,1920,110592.0,0.0,0.15384615384615385,0.15384615384615385,0.15384615384615385,0.07579400812997827,0.38461538461538464,0.38461538461538464,0.38461538461538464,0.130817186875046,0.38461538461538464,0.38461538461538464,0.38461538461538464,0.19747077991439216,0.6153846153846154,0.6153846153846154,0.6153846153846154,0.3329935309755009
qasper,small,7,hidden_cosine,13,0.08790739175354559,1.0,1.0,0.0,0.0,0.15384615384615385,8192,0.572860723236663,32,7680,1920,110592.0,0.0,0.0,0.0,0.0,0.06620427319242037,0.0,0.0,0.0,0.12680978069604373,0.0,0.0,0.0,0.20323548212757758,0.0,0.0,0.0,0.3524031770052185
qasper,small,7,learned_projection,13,0.9615384615384616,0.06666666666666667,0.06666666666666667,0.9653846153846154,1.0,1.0,8192,0.572860723236663,32,7680,1920,110592.0,0.0,0.9230769230769231,0.9230769230769231,0.9230769230769231,0.05121972196962134,1.0,1.0,1.0,0.12906152579633573,1.0,1.0,1.0,0.18773894356835288,1.0,1.0,1.0,0.33311986251474546
qasper,small,7,shuffled_projection,13,0.07699864238325776,1.0,1.0,0.0,0.0,0.0,8192,0.572860723236663,32,7680,1920,110592.0,0.0,0.0,0.0,0.0,0.05902860356879962,0.0,0.0,0.0,0.1265301813866494,0.0,0.0,0.0,0.2007819259931218,0.0,0.0,0.0,0.3188754485716798
qasper,small,21,post_rope_k,13,0.6066239316239316,0.5333333333333333,0.5333333333333333,0.5423076923076924,0.5384615384615384,0.9230769230769231,8192,0.572860723236663,32,7680,1920,110592.0,0.0,0.5384615384615384,0.5384615384615384,0.5384615384615384,0.06312875100424531,0.5384615384615384,0.5384615384615384,0.5384615384615384,0.13442606191379045,0.5384615384615384,0.5384615384615384,0.5384615384615384,0.1998740706993497,0.6923076923076923,0.6923076923076923,0.6923076923076923,0.3244271266266262
qasper,small,21,pre_rope_k,13,0.6297924297924298,0.3333333333333333,0.5333333333333333,0.5935897435897436,0.6153846153846154,0.9230769230769231,8192,0.572860723236663,32,7680,1920,110592.0,0.0,0.5384615384615384,0.5384615384615384,0.5384615384615384,0.06429604066258356,0.5384615384615384,0.5384615384615384,0.5384615384615384,0.12767217223270036,0.6153846153846154,0.6153846153846154,0.6153846153846154,0.18108033281337932,0.8461538461538461,0.8461538461538461,0.8461538461538461,0.3180490218139792
qasper,small,21,hidden_cosine,13,0.12554945054945055,1.0,1.0,0.044871794871794865,0.0,0.5384615384615384,8192,0.572860723236663,32,7680,1920,110592.0,0.0,0.0,0.0,0.0,0.08106473671795716,0.0,0.0,0.0,0.15616271759303327,0.0,0.0,0.0,0.22304812862768383,0.23076923076923078,0.23076923076923078,0.23076923076923078,0.36442180461397544
qasper,small,21,learned_projection,13,0.9615384615384616,0.06666666666666667,0.06666666666666667,0.9653846153846154,1.0,1.0,8192,0.572860723236663,32,7680,1920,110592.0,0.0,0.9230769230769231,0.9230769230769231,0.9230769230769231,0.05155572230562167,1.0,1.0,1.0,0.11491600034333285,1.0,1.0,1.0,0.18120808394068222,1.0,1.0,1.0,0.3100840070278824
qasper,small,21,shuffled_projection,13,0.1362285150746689,1.0,1.0,0.006410256410256409,0.0,0.6153846153846154,8192,0.572860723236663,32,7680,1920,110592.0,0.0,0.0,0.0,0.0,0.06004825779605623,0.0,0.0,0.0,0.12722547707841295,0.0,0.0,0.0,0.19390319755609,0.07692307692307693,0.07692307692307693,0.07692307692307693,0.31926235811608955
qasper,small,42,post_rope_k,13,0.2673076923076923,0.5333333333333333,0.5333333333333333,0.28205128205128205,0.3076923076923077,1.0,8192,0.572860723236663,32,7680,1920,110592.0,0.0,0.0,0.0,0.0,0.06396099787240016,0.15384615384615385,0.15384615384615385,0.15384615384615385,0.12560109814071788,0.3076923076923077,0.3076923076923077,0.3076923076923077,0.18006341274883597,0.7692307692307693,0.7692307692307693,0.7692307692307693,0.3303454060316688
qasper,small,42,pre_rope_k,13,0.6129120879120878,0.5333333333333333,0.5333333333333333,0.5487179487179488,0.5384615384615384,0.9230769230769231,8192,0.572860723236663,32,7680,1920,110592.0,0.0,0.5384615384615384,0.5384615384615384,0.5384615384615384,0.06076476972577039,0.5384615384615384,0.5384615384615384,0.5384615384615384,0.13417623611358082,0.5384615384615384,0.5384615384615384,0.5384615384615384,0.21124718740924894,0.7692307692307693,0.7692307692307693,0.7692307692307693,0.3290104349740899
qasper,small,42,hidden_cosine,13,0.08587246087246088,1.0,1.0,0.0,0.0,0.15384615384615385,8192,0.572860723236663,32,7680,1920,110592.0,0.0,0.0,0.0,0.0,0.0694980468381458,0.0,0.0,0.0,0.14131656479343743,0.0,0.0,0.0,0.2052762443221645,0.0,0.0,0.0,0.36047143648461266
qasper,small,42,learned_projection,13,1.0,0.06666666666666667,0.06666666666666667,0.9833333333333333,1.0,1.0,8192,0.572860723236663,32,7680,1920,110592.0,0.0,1.0,1.0,1.0,0.05432772507762444,1.0,1.0,1.0,0.11394717119163646,1.0,1.0,1.0,0.1812133714070877,1.0,1.0,1.0,0.32258837191533607
qasper,small,42,shuffled_projection,13,0.13846239230854615,1.0,1.0,0.05128205128205129,0.07692307692307693,0.5384615384615384,8192,0.572860723236663,32,7680,1920,110592.0,0.0,0.0,0.0,0.0,0.07193660503171372,0.0,0.0,0.0,0.13931581950746946,0.07692307692307693,0.07692307692307693,0.07692307692307693,0.20133414833397215,0.15384615384615385,0.15384615384615385,0.15384615384615385,0.34735732791163065
qasper,small,87,post_rope_k,13,0.6141025641025641,0.3333333333333333,0.3333333333333333,0.6333333333333333,0.6923076923076923,1.0,8192,0.572860723236663,32,7680,1920,110592.0,0.0,0.46153846153846156,0.46153846153846156,0.46153846153846156,0.05858873951105267,0.5384615384615384,0.5384615384615384,0.5384615384615384,0.11890718849838115,0.6923076923076923,0.6923076923076923,0.6923076923076923,0.1926963425713484,0.9230769230769231,0.9230769230769231,0.9230769230769231,0.30653977530766974
qasper,small,87,pre_rope_k,13,0.5346153846153846,0.2,0.26666666666666666,0.6756410256410257,0.8461538461538461,1.0,8192,0.572860723236663,32,7680,1920,110592.0,0.0,0.23076923076923078,0.23076923076923078,0.23076923076923078,0.051181760079853394,0.6153846153846154,0.6153846153846154,0.6153846153846154,0.11385280446515174,0.8461538461538461,0.8461538461538461,0.8461538461538461,0.17565953042828564,1.0,1.0,1.0,0.3002260152163291
qasper,small,87,hidden_cosine,13,0.12777863162478548,1.0,1.0,0.05769230769230769,0.0,0.38461538461538464,8192,0.572860723236663,32,7680,1920,110592.0,0.0,0.0,0.0,0.0,0.06363999142038815,0.0,0.0,0.0,0.1426242544885766,0.0,0.0,0.0,0.2103198191563401,0.23076923076923078,0.23076923076923078,0.23076923076923078,0.35041396675326336
qasper,small,87,learned_projection,13,1.0,0.06666666666666667,0.06666666666666667,0.9833333333333333,1.0,1.0,8192,0.572860723236663,32,7680,1920,110592.0,0.0,1.0,1.0,1.0,0.05432772507762444,1.0,1.0,1.0,0.11017780049531502,1.0,1.0,1.0,0.18083863980163903,1.0,1.0,1.0,0.30553581787339745
qasper,small,87,shuffled_projection,13,0.13053058053058053,1.0,1.0,0.025641025641025637,0.0,0.46153846153846156,8192,0.572860723236663,32,7680,1920,110592.0,0.0,0.0,0.0,0.0,0.0713492943175117,0.0,0.0,0.0,0.15568572040929557,0.0,0.0,0.0,0.21795704193280951,0.15384615384615385,0.15384615384615385,0.15384615384615385,0.34728798872361255
