perturbation,example_id,channel,target_recovery,wrong_target_recovery,wrong_target_confidence,abstention_at_0_5,retry_opportunity
clean,clean-0,exact,1.0,0.0,0.0,1.0,0.0
clean,clean-0,approx,1.0,0.0,0.0,1.0,0.0
clean,clean-0,hybrid,1.0,0.0,0.0,0.0,0.0
clean,clean-1,exact,1.0,0.0,0.0,1.0,0.0
clean,clean-1,approx,1.0,0.0,0.0,1.0,0.0
clean,clean-1,hybrid,1.0,0.0,0.0,0.0,0.0
clean,clean-2,exact,1.0,0.0,0.0,1.0,0.0
clean,clean-2,approx,1.0,0.0,0.0,1.0,0.0
clean,clean-2,hybrid,1.0,0.0,0.0,0.0,0.0
clean,clean-3,exact,1.0,0.0,0.0,1.0,0.0
clean,clean-3,approx,1.0,0.0,0.0,1.0,0.0
clean,clean-3,hybrid,1.0,0.0,0.0,0.0,0.0
clean,clean-4,exact,1.0,0.0,0.0,1.0,0.0
clean,clean-4,approx,1.0,0.0,0.0,1.0,0.0
clean,clean-4,hybrid,1.0,0.0,0.0,0.0,0.0
clean,clean-5,exact,1.0,0.0,0.0,1.0,0.0
clean,clean-5,approx,1.0,0.0,0.0,1.0,0.0
clean,clean-5,hybrid,1.0,0.0,0.0,0.0,0.0
clean,clean-6,exact,1.0,0.0,0.0,1.0,0.0
clean,clean-6,approx,1.0,0.0,0.0,1.0,0.0
clean,clean-6,hybrid,1.0,0.0,0.0,0.0,0.0
clean,clean-7,exact,1.0,0.0,0.0,1.0,0.0
clean,clean-7,approx,1.0,0.0,0.0,1.0,0.0
clean,clean-7,hybrid,1.0,0.0,0.0,0.0,0.0
clean,clean-8,exact,1.0,0.0,0.0,1.0,0.0
clean,clean-8,approx,1.0,0.0,0.0,1.0,0.0
clean,clean-8,hybrid,1.0,0.0,0.0,0.0,0.0
clean,clean-9,exact,1.0,0.0,0.0,1.0,0.0
clean,clean-9,approx,1.0,0.0,0.0,1.0,0.0
clean,clean-9,hybrid,1.0,0.0,0.0,0.0,0.0
clean,clean-10,exact,1.0,0.0,0.0,0.0,0.0
clean,clean-10,approx,1.0,0.0,0.0,0.0,0.0
clean,clean-10,hybrid,1.0,0.0,0.0,0.0,0.0
clean,clean-11,exact,1.0,0.0,0.0,0.0,0.0
clean,clean-11,approx,1.0,0.0,0.0,0.0,0.0
clean,clean-11,hybrid,1.0,0.0,0.0,0.0,0.0
clean,clean-12,exact,1.0,0.0,0.0,0.0,0.0
clean,clean-12,approx,1.0,0.0,0.0,0.0,0.0
clean,clean-12,hybrid,1.0,0.0,0.0,0.0,0.0
clean,clean-13,exact,1.0,0.0,0.0,0.0,0.0
clean,clean-13,approx,1.0,0.0,0.0,0.0,0.0
clean,clean-13,hybrid,1.0,0.0,0.0,0.0,0.0
clean,clean-14,exact,1.0,0.0,0.0,0.0,0.0
clean,clean-14,approx,1.0,0.0,0.0,0.0,0.0
clean,clean-14,hybrid,1.0,0.0,0.0,0.0,0.0
clean,clean-15,exact,1.0,0.0,0.0,0.0,0.0
clean,clean-15,approx,1.0,0.0,0.0,0.0,0.0
clean,clean-15,hybrid,1.0,0.0,0.0,0.0,0.0
clean,clean-16,exact,1.0,0.0,0.0,0.0,0.0
clean,clean-16,approx,1.0,0.0,0.0,0.0,0.0
clean,clean-16,hybrid,1.0,0.0,0.0,0.0,0.0
clean,clean-17,exact,1.0,0.0,0.0,0.0,0.0
clean,clean-17,approx,1.0,0.0,0.0,0.0,0.0
clean,clean-17,hybrid,1.0,0.0,0.0,0.0,0.0
clean,clean-18,exact,1.0,0.0,0.0,0.0,0.0
clean,clean-18,approx,1.0,0.0,0.0,0.0,0.0
clean,clean-18,hybrid,1.0,0.0,0.0,0.0,0.0
clean,clean-19,exact,1.0,0.0,0.0,0.0,0.0
clean,clean-19,approx,1.0,0.0,0.0,0.0,0.0
clean,clean-19,hybrid,1.0,0.0,0.0,0.0,0.0
case,case-0,exact,1.0,0.0,0.0,1.0,0.0
case,case-0,approx,1.0,0.0,0.0,1.0,0.0
case,case-0,hybrid,1.0,0.0,0.0,0.0,0.0
case,case-1,exact,1.0,0.0,0.0,1.0,0.0
case,case-1,approx,1.0,0.0,0.0,1.0,0.0
case,case-1,hybrid,1.0,0.0,0.0,0.0,0.0
case,case-2,exact,1.0,0.0,0.0,1.0,0.0
case,case-2,approx,1.0,0.0,0.0,1.0,0.0
case,case-2,hybrid,1.0,0.0,0.0,0.0,0.0
case,case-3,exact,1.0,0.0,0.0,1.0,0.0
case,case-3,approx,1.0,0.0,0.0,1.0,0.0
case,case-3,hybrid,1.0,0.0,0.0,0.0,0.0
case,case-4,exact,1.0,0.0,0.0,1.0,0.0
case,case-4,approx,1.0,0.0,0.0,1.0,0.0
case,case-4,hybrid,1.0,0.0,0.0,0.0,0.0
case,case-5,exact,1.0,0.0,0.0,1.0,0.0
case,case-5,approx,1.0,0.0,0.0,1.0,0.0
case,case-5,hybrid,1.0,0.0,0.0,0.0,0.0
case,case-6,exact,1.0,0.0,0.0,1.0,0.0
case,case-6,approx,1.0,0.0,0.0,1.0,0.0
case,case-6,hybrid,1.0,0.0,0.0,0.0,0.0
case,case-7,exact,1.0,0.0,0.0,1.0,0.0
case,case-7,approx,1.0,0.0,0.0,1.0,0.0
case,case-7,hybrid,1.0,0.0,0.0,0.0,0.0
case,case-8,exact,1.0,0.0,0.0,1.0,0.0
case,case-8,approx,1.0,0.0,0.0,1.0,0.0
case,case-8,hybrid,1.0,0.0,0.0,0.0,0.0
case,case-9,exact,1.0,0.0,0.0,1.0,0.0
case,case-9,approx,1.0,0.0,0.0,1.0,0.0
case,case-9,hybrid,1.0,0.0,0.0,0.0,0.0
case,case-10,exact,1.0,0.0,0.0,0.0,0.0
case,case-10,approx,1.0,0.0,0.0,1.0,0.0
case,case-10,hybrid,1.0,0.0,0.0,0.0,0.0
case,case-11,exact,1.0,0.0,0.0,0.0,0.0
case,case-11,approx,1.0,0.0,0.0,1.0,0.0
case,case-11,hybrid,1.0,0.0,0.0,0.0,0.0
case,case-12,exact,1.0,0.0,0.0,0.0,0.0
case,case-12,approx,1.0,0.0,0.0,1.0,0.0
case,case-12,hybrid,1.0,0.0,0.0,0.0,0.0
case,case-13,exact,1.0,0.0,0.0,0.0,0.0
case,case-13,approx,1.0,0.0,0.0,1.0,0.0
case,case-13,hybrid,1.0,0.0,0.0,0.0,0.0
case,case-14,exact,1.0,0.0,0.0,0.0,0.0
case,case-14,approx,1.0,0.0,0.0,1.0,0.0
case,case-14,hybrid,1.0,0.0,0.0,0.0,0.0
case,case-15,exact,1.0,0.0,0.0,0.0,0.0
case,case-15,approx,1.0,0.0,0.0,1.0,0.0
case,case-15,hybrid,1.0,0.0,0.0,0.0,0.0
case,case-16,exact,1.0,0.0,0.0,0.0,0.0
case,case-16,approx,1.0,0.0,0.0,1.0,0.0
case,case-16,hybrid,1.0,0.0,0.0,0.0,0.0
case,case-17,exact,1.0,0.0,0.0,0.0,0.0
case,case-17,approx,1.0,0.0,0.0,1.0,0.0
case,case-17,hybrid,1.0,0.0,0.0,0.0,0.0
case,case-18,exact,1.0,0.0,0.0,0.0,0.0
case,case-18,approx,1.0,0.0,0.0,1.0,0.0
case,case-18,hybrid,1.0,0.0,0.0,0.0,0.0
case,case-19,exact,1.0,0.0,0.0,0.0,0.0
case,case-19,approx,1.0,0.0,0.0,1.0,0.0
case,case-19,hybrid,1.0,0.0,0.0,0.0,0.0
punctuation,punctuation-0,exact,1.0,0.0,0.0,1.0,0.0
punctuation,punctuation-0,approx,1.0,0.0,0.0,1.0,0.0
punctuation,punctuation-0,hybrid,1.0,0.0,0.0,0.0,0.0
punctuation,punctuation-1,exact,1.0,0.0,0.0,1.0,0.0
punctuation,punctuation-1,approx,1.0,0.0,0.0,1.0,0.0
punctuation,punctuation-1,hybrid,1.0,0.0,0.0,0.0,0.0
punctuation,punctuation-2,exact,1.0,0.0,0.0,1.0,0.0
punctuation,punctuation-2,approx,1.0,0.0,0.0,1.0,0.0
punctuation,punctuation-2,hybrid,1.0,0.0,0.0,0.0,0.0
punctuation,punctuation-3,exact,1.0,0.0,0.0,1.0,0.0
punctuation,punctuation-3,approx,1.0,0.0,0.0,1.0,0.0
punctuation,punctuation-3,hybrid,1.0,0.0,0.0,0.0,0.0
punctuation,punctuation-4,exact,1.0,0.0,0.0,1.0,0.0
punctuation,punctuation-4,approx,1.0,0.0,0.0,1.0,0.0
punctuation,punctuation-4,hybrid,1.0,0.0,0.0,0.0,0.0
punctuation,punctuation-5,exact,1.0,0.0,0.0,1.0,0.0
punctuation,punctuation-5,approx,1.0,0.0,0.0,1.0,0.0
punctuation,punctuation-5,hybrid,1.0,0.0,0.0,0.0,0.0
punctuation,punctuation-6,exact,1.0,0.0,0.0,1.0,0.0
punctuation,punctuation-6,approx,1.0,0.0,0.0,1.0,0.0
punctuation,punctuation-6,hybrid,1.0,0.0,0.0,0.0,0.0
punctuation,punctuation-7,exact,1.0,0.0,0.0,1.0,0.0
punctuation,punctuation-7,approx,1.0,0.0,0.0,1.0,0.0
punctuation,punctuation-7,hybrid,1.0,0.0,0.0,0.0,0.0
punctuation,punctuation-8,exact,1.0,0.0,0.0,1.0,0.0
punctuation,punctuation-8,approx,1.0,0.0,0.0,1.0,0.0
punctuation,punctuation-8,hybrid,1.0,0.0,0.0,0.0,0.0
punctuation,punctuation-9,exact,1.0,0.0,0.0,1.0,0.0
punctuation,punctuation-9,approx,1.0,0.0,0.0,1.0,0.0
punctuation,punctuation-9,hybrid,1.0,0.0,0.0,0.0,0.0
punctuation,punctuation-10,exact,1.0,0.0,0.0,0.0,0.0
punctuation,punctuation-10,approx,1.0,0.0,0.0,0.0,0.0
punctuation,punctuation-10,hybrid,1.0,0.0,0.0,0.0,0.0
punctuation,punctuation-11,exact,1.0,0.0,0.0,0.0,0.0
punctuation,punctuation-11,approx,1.0,0.0,0.0,0.0,0.0
punctuation,punctuation-11,hybrid,1.0,0.0,0.0,0.0,0.0
punctuation,punctuation-12,exact,1.0,0.0,0.0,0.0,0.0
punctuation,punctuation-12,approx,1.0,0.0,0.0,0.0,0.0
punctuation,punctuation-12,hybrid,1.0,0.0,0.0,0.0,0.0
punctuation,punctuation-13,exact,1.0,0.0,0.0,0.0,0.0
punctuation,punctuation-13,approx,1.0,0.0,0.0,0.0,0.0
punctuation,punctuation-13,hybrid,1.0,0.0,0.0,0.0,0.0
punctuation,punctuation-14,exact,1.0,0.0,0.0,0.0,0.0
punctuation,punctuation-14,approx,1.0,0.0,0.0,0.0,0.0
punctuation,punctuation-14,hybrid,1.0,0.0,0.0,0.0,0.0
punctuation,punctuation-15,exact,1.0,0.0,0.0,0.0,0.0
punctuation,punctuation-15,approx,1.0,0.0,0.0,0.0,0.0
punctuation,punctuation-15,hybrid,1.0,0.0,0.0,0.0,0.0
punctuation,punctuation-16,exact,1.0,0.0,0.0,0.0,0.0
punctuation,punctuation-16,approx,1.0,0.0,0.0,0.0,0.0
punctuation,punctuation-16,hybrid,1.0,0.0,0.0,0.0,0.0
punctuation,punctuation-17,exact,1.0,0.0,0.0,0.0,0.0
punctuation,punctuation-17,approx,1.0,0.0,0.0,0.0,0.0
punctuation,punctuation-17,hybrid,1.0,0.0,0.0,0.0,0.0
punctuation,punctuation-18,exact,1.0,0.0,0.0,0.0,0.0
punctuation,punctuation-18,approx,1.0,0.0,0.0,0.0,0.0
punctuation,punctuation-18,hybrid,1.0,0.0,0.0,0.0,0.0
punctuation,punctuation-19,exact,1.0,0.0,0.0,0.0,0.0
punctuation,punctuation-19,approx,1.0,0.0,0.0,0.0,0.0
punctuation,punctuation-19,hybrid,1.0,0.0,0.0,0.0,0.0
typo,typo-0,exact,0.0,1.0,0.0,1.0,1.0
typo,typo-0,approx,1.0,0.0,0.0,1.0,0.0
typo,typo-0,hybrid,1.0,0.0,0.0,0.0,0.0
typo,typo-1,exact,0.0,1.0,0.0,1.0,1.0
typo,typo-1,approx,1.0,0.0,0.0,1.0,0.0
typo,typo-1,hybrid,1.0,0.0,0.0,0.0,0.0
typo,typo-2,exact,0.0,1.0,0.0,1.0,1.0
typo,typo-2,approx,1.0,0.0,0.0,1.0,0.0
typo,typo-2,hybrid,1.0,0.0,0.0,0.0,0.0
typo,typo-3,exact,0.0,1.0,0.0,1.0,1.0
typo,typo-3,approx,1.0,0.0,0.0,1.0,0.0
typo,typo-3,hybrid,1.0,0.0,0.0,0.0,0.0
typo,typo-4,exact,0.0,1.0,0.0,1.0,1.0
typo,typo-4,approx,1.0,0.0,0.0,1.0,0.0
typo,typo-4,hybrid,1.0,0.0,0.0,0.0,0.0
typo,typo-5,exact,0.0,1.0,0.0,1.0,1.0
typo,typo-5,approx,1.0,0.0,0.0,1.0,0.0
typo,typo-5,hybrid,1.0,0.0,0.0,0.0,0.0
typo,typo-6,exact,0.0,1.0,0.0,1.0,1.0
typo,typo-6,approx,1.0,0.0,0.0,1.0,0.0
typo,typo-6,hybrid,1.0,0.0,0.0,0.0,0.0
typo,typo-7,exact,0.0,1.0,0.0,1.0,1.0
typo,typo-7,approx,1.0,0.0,0.0,1.0,0.0
typo,typo-7,hybrid,1.0,0.0,0.0,0.0,0.0
typo,typo-8,exact,0.0,1.0,0.0,1.0,1.0
typo,typo-8,approx,1.0,0.0,0.0,1.0,0.0
typo,typo-8,hybrid,1.0,0.0,0.0,0.0,0.0
typo,typo-9,exact,0.0,1.0,0.0,1.0,1.0
typo,typo-9,approx,1.0,0.0,0.0,1.0,0.0
typo,typo-9,hybrid,1.0,0.0,0.0,0.0,0.0
typo,typo-10,exact,0.0,0.0,0.0,0.0,1.0
typo,typo-10,approx,1.0,0.0,0.0,0.0,0.0
typo,typo-10,hybrid,0.0,0.0,0.0,0.0,1.0
typo,typo-11,exact,0.0,0.0,0.0,0.0,1.0
typo,typo-11,approx,1.0,0.0,0.0,0.0,0.0
typo,typo-11,hybrid,0.0,0.0,0.0,0.0,1.0
typo,typo-12,exact,0.0,0.0,0.0,0.0,1.0
typo,typo-12,approx,1.0,0.0,0.0,0.0,0.0
typo,typo-12,hybrid,0.0,0.0,0.0,0.0,1.0
typo,typo-13,exact,0.0,0.0,0.0,0.0,1.0
typo,typo-13,approx,1.0,0.0,0.0,0.0,0.0
typo,typo-13,hybrid,0.0,0.0,0.0,0.0,1.0
typo,typo-14,exact,0.0,0.0,0.0,0.0,1.0
typo,typo-14,approx,1.0,0.0,0.0,0.0,0.0
typo,typo-14,hybrid,0.0,0.0,0.0,0.0,1.0
typo,typo-15,exact,0.0,0.0,0.0,0.0,1.0
typo,typo-15,approx,1.0,0.0,0.0,0.0,0.0
typo,typo-15,hybrid,0.0,0.0,0.0,0.0,1.0
typo,typo-16,exact,0.0,0.0,0.0,0.0,1.0
typo,typo-16,approx,1.0,0.0,0.0,0.0,0.0
typo,typo-16,hybrid,0.0,0.0,0.0,0.0,1.0
typo,typo-17,exact,0.0,0.0,0.0,0.0,1.0
typo,typo-17,approx,1.0,0.0,0.0,0.0,0.0
typo,typo-17,hybrid,0.0,0.0,0.0,0.0,1.0
typo,typo-18,exact,0.0,0.0,0.0,0.0,1.0
typo,typo-18,approx,1.0,0.0,0.0,0.0,0.0
typo,typo-18,hybrid,0.0,0.0,0.0,0.0,1.0
typo,typo-19,exact,0.0,0.0,0.0,0.0,1.0
typo,typo-19,approx,1.0,0.0,0.0,0.0,0.0
typo,typo-19,hybrid,0.0,0.0,0.0,0.0,1.0
alias_synonym,alias_synonym-0,exact,0.0,0.0,0.0,1.0,1.0
alias_synonym,alias_synonym-0,approx,0.0,0.0,0.0,1.0,1.0
alias_synonym,alias_synonym-0,hybrid,0.0,0.0,0.0,0.0,1.0
alias_synonym,alias_synonym-1,exact,0.0,0.0,0.0,1.0,1.0
alias_synonym,alias_synonym-1,approx,0.0,0.0,0.0,1.0,1.0
alias_synonym,alias_synonym-1,hybrid,0.0,0.0,0.0,0.0,1.0
alias_synonym,alias_synonym-2,exact,0.0,0.0,0.0,1.0,1.0
alias_synonym,alias_synonym-2,approx,0.0,0.0,0.0,1.0,1.0
alias_synonym,alias_synonym-2,hybrid,0.0,0.0,0.0,0.0,1.0
alias_synonym,alias_synonym-3,exact,0.0,0.0,0.0,1.0,1.0
alias_synonym,alias_synonym-3,approx,0.0,0.0,0.0,1.0,1.0
alias_synonym,alias_synonym-3,hybrid,0.0,0.0,0.0,0.0,1.0
alias_synonym,alias_synonym-4,exact,0.0,0.0,0.0,1.0,1.0
alias_synonym,alias_synonym-4,approx,0.0,0.0,0.0,1.0,1.0
alias_synonym,alias_synonym-4,hybrid,0.0,0.0,0.0,0.0,1.0
alias_synonym,alias_synonym-5,exact,0.0,0.0,0.0,1.0,1.0
alias_synonym,alias_synonym-5,approx,0.0,0.0,0.0,1.0,1.0
alias_synonym,alias_synonym-5,hybrid,0.0,0.0,0.0,0.0,1.0
alias_synonym,alias_synonym-6,exact,0.0,0.0,0.0,1.0,1.0
alias_synonym,alias_synonym-6,approx,0.0,0.0,0.0,1.0,1.0
alias_synonym,alias_synonym-6,hybrid,0.0,0.0,0.0,0.0,1.0
alias_synonym,alias_synonym-7,exact,0.0,0.0,0.0,1.0,1.0
alias_synonym,alias_synonym-7,approx,0.0,0.0,0.0,1.0,1.0
alias_synonym,alias_synonym-7,hybrid,0.0,0.0,0.0,0.0,1.0
alias_synonym,alias_synonym-8,exact,0.0,0.0,0.0,1.0,1.0
alias_synonym,alias_synonym-8,approx,0.0,0.0,0.0,1.0,1.0
alias_synonym,alias_synonym-8,hybrid,0.0,0.0,0.0,0.0,1.0
alias_synonym,alias_synonym-9,exact,0.0,0.0,0.0,1.0,1.0
alias_synonym,alias_synonym-9,approx,0.0,0.0,0.0,1.0,1.0
alias_synonym,alias_synonym-9,hybrid,0.0,0.0,0.0,0.0,1.0
alias_synonym,alias_synonym-10,exact,0.0,0.0,0.0,0.0,1.0
alias_synonym,alias_synonym-10,approx,1.0,0.0,0.0,0.0,0.0
alias_synonym,alias_synonym-10,hybrid,0.0,0.0,0.0,0.0,1.0
alias_synonym,alias_synonym-11,exact,0.0,0.0,0.0,0.0,1.0
alias_synonym,alias_synonym-11,approx,1.0,0.0,0.0,0.0,0.0
alias_synonym,alias_synonym-11,hybrid,0.0,0.0,0.0,0.0,1.0
alias_synonym,alias_synonym-12,exact,0.0,0.0,0.0,0.0,1.0
alias_synonym,alias_synonym-12,approx,1.0,0.0,0.0,0.0,0.0
alias_synonym,alias_synonym-12,hybrid,0.0,0.0,0.0,0.0,1.0
alias_synonym,alias_synonym-13,exact,0.0,0.0,0.0,0.0,1.0
alias_synonym,alias_synonym-13,approx,1.0,0.0,0.0,0.0,0.0
alias_synonym,alias_synonym-13,hybrid,0.0,0.0,0.0,0.0,1.0
alias_synonym,alias_synonym-14,exact,0.0,0.0,0.0,0.0,1.0
alias_synonym,alias_synonym-14,approx,1.0,0.0,0.0,0.0,0.0
alias_synonym,alias_synonym-14,hybrid,0.0,0.0,0.0,0.0,1.0
alias_synonym,alias_synonym-15,exact,0.0,0.0,0.0,0.0,1.0
alias_synonym,alias_synonym-15,approx,1.0,0.0,0.0,0.0,0.0
alias_synonym,alias_synonym-15,hybrid,0.0,0.0,0.0,0.0,1.0
alias_synonym,alias_synonym-16,exact,0.0,0.0,0.0,0.0,1.0
alias_synonym,alias_synonym-16,approx,1.0,0.0,0.0,0.0,0.0
alias_synonym,alias_synonym-16,hybrid,0.0,0.0,0.0,0.0,1.0
alias_synonym,alias_synonym-17,exact,0.0,0.0,0.0,0.0,1.0
alias_synonym,alias_synonym-17,approx,1.0,0.0,0.0,0.0,0.0
alias_synonym,alias_synonym-17,hybrid,0.0,0.0,0.0,0.0,1.0
alias_synonym,alias_synonym-18,exact,0.0,0.0,0.0,0.0,1.0
alias_synonym,alias_synonym-18,approx,1.0,0.0,0.0,0.0,0.0
alias_synonym,alias_synonym-18,hybrid,0.0,0.0,0.0,0.0,1.0
alias_synonym,alias_synonym-19,exact,0.0,0.0,0.0,0.0,1.0
alias_synonym,alias_synonym-19,approx,1.0,0.0,0.0,0.0,0.0
alias_synonym,alias_synonym-19,hybrid,0.0,0.0,0.0,0.0,1.0
confidently_wrong,confidently_wrong-0,exact,0.0,1.0,0.28571429,1.0,1.0
confidently_wrong,confidently_wrong-0,approx,0.0,1.0,0.2443609,1.0,1.0
confidently_wrong,confidently_wrong-0,hybrid,0.0,1.0,0.35564998,0.0,1.0
confidently_wrong,confidently_wrong-1,exact,0.0,1.0,0.28571429,1.0,1.0
confidently_wrong,confidently_wrong-1,approx,0.0,1.0,0.2443609,1.0,1.0
confidently_wrong,confidently_wrong-1,hybrid,0.0,1.0,0.35564998,0.0,1.0
confidently_wrong,confidently_wrong-2,exact,0.0,1.0,0.28571429,1.0,1.0
confidently_wrong,confidently_wrong-2,approx,0.0,1.0,0.2443609,1.0,1.0
confidently_wrong,confidently_wrong-2,hybrid,0.0,1.0,0.35564998,0.0,1.0
confidently_wrong,confidently_wrong-3,exact,0.0,1.0,0.28571429,1.0,1.0
confidently_wrong,confidently_wrong-3,approx,0.0,1.0,0.2443609,1.0,1.0
confidently_wrong,confidently_wrong-3,hybrid,0.0,1.0,0.35564998,0.0,1.0
confidently_wrong,confidently_wrong-4,exact,0.0,1.0,0.28571429,1.0,1.0
confidently_wrong,confidently_wrong-4,approx,0.0,1.0,0.2443609,1.0,1.0
confidently_wrong,confidently_wrong-4,hybrid,0.0,1.0,0.35564998,0.0,1.0
confidently_wrong,confidently_wrong-5,exact,0.0,1.0,0.28571429,1.0,1.0
confidently_wrong,confidently_wrong-5,approx,0.0,1.0,0.2443609,1.0,1.0
confidently_wrong,confidently_wrong-5,hybrid,0.0,1.0,0.35564998,0.0,1.0
confidently_wrong,confidently_wrong-6,exact,0.0,1.0,0.28571429,1.0,1.0
confidently_wrong,confidently_wrong-6,approx,0.0,1.0,0.2443609,1.0,1.0
confidently_wrong,confidently_wrong-6,hybrid,0.0,1.0,0.35564998,0.0,1.0
confidently_wrong,confidently_wrong-7,exact,0.0,1.0,0.28571429,1.0,1.0
confidently_wrong,confidently_wrong-7,approx,0.0,1.0,0.2443609,1.0,1.0
confidently_wrong,confidently_wrong-7,hybrid,0.0,1.0,0.35564998,0.0,1.0
confidently_wrong,confidently_wrong-8,exact,0.0,1.0,0.28571429,1.0,1.0
confidently_wrong,confidently_wrong-8,approx,0.0,1.0,0.2443609,1.0,1.0
confidently_wrong,confidently_wrong-8,hybrid,0.0,1.0,0.35564998,0.0,1.0
confidently_wrong,confidently_wrong-9,exact,0.0,1.0,0.28571429,1.0,1.0
confidently_wrong,confidently_wrong-9,approx,0.0,1.0,0.2443609,1.0,1.0
confidently_wrong,confidently_wrong-9,hybrid,0.0,1.0,0.35564998,0.0,1.0
confidently_wrong,confidently_wrong-10,exact,0.0,1.0,0.375,0.0,1.0
confidently_wrong,confidently_wrong-10,approx,0.0,1.0,0.31222826,1.0,1.0
confidently_wrong,confidently_wrong-10,hybrid,0.0,1.0,0.43600712,0.0,1.0
confidently_wrong,confidently_wrong-11,exact,0.0,1.0,0.375,0.0,1.0
confidently_wrong,confidently_wrong-11,approx,0.0,1.0,0.31222826,1.0,1.0
confidently_wrong,confidently_wrong-11,hybrid,0.0,1.0,0.43600712,0.0,1.0
confidently_wrong,confidently_wrong-12,exact,0.0,1.0,0.375,0.0,1.0
confidently_wrong,confidently_wrong-12,approx,0.0,1.0,0.31222826,1.0,1.0
confidently_wrong,confidently_wrong-12,hybrid,0.0,1.0,0.43600712,0.0,1.0
confidently_wrong,confidently_wrong-13,exact,0.0,1.0,0.375,0.0,1.0
confidently_wrong,confidently_wrong-13,approx,0.0,1.0,0.31222826,1.0,1.0
confidently_wrong,confidently_wrong-13,hybrid,0.0,1.0,0.43600712,0.0,1.0
confidently_wrong,confidently_wrong-14,exact,0.0,1.0,0.375,0.0,1.0
confidently_wrong,confidently_wrong-14,approx,0.0,1.0,0.31222826,1.0,1.0
confidently_wrong,confidently_wrong-14,hybrid,0.0,1.0,0.43600712,0.0,1.0
confidently_wrong,confidently_wrong-15,exact,0.0,1.0,0.375,0.0,1.0
confidently_wrong,confidently_wrong-15,approx,0.0,1.0,0.31222826,1.0,1.0
confidently_wrong,confidently_wrong-15,hybrid,0.0,1.0,0.43600712,0.0,1.0
confidently_wrong,confidently_wrong-16,exact,0.0,1.0,0.375,0.0,1.0
confidently_wrong,confidently_wrong-16,approx,0.0,1.0,0.31222826,1.0,1.0
confidently_wrong,confidently_wrong-16,hybrid,0.0,1.0,0.43600712,0.0,1.0
confidently_wrong,confidently_wrong-17,exact,0.0,1.0,0.375,0.0,1.0
confidently_wrong,confidently_wrong-17,approx,0.0,1.0,0.31222826,1.0,1.0
confidently_wrong,confidently_wrong-17,hybrid,0.0,1.0,0.43600712,0.0,1.0
confidently_wrong,confidently_wrong-18,exact,0.0,1.0,0.375,0.0,1.0
confidently_wrong,confidently_wrong-18,approx,0.0,1.0,0.31222826,1.0,1.0
confidently_wrong,confidently_wrong-18,hybrid,0.0,1.0,0.43600712,0.0,1.0
confidently_wrong,confidently_wrong-19,exact,0.0,1.0,0.375,0.0,1.0
confidently_wrong,confidently_wrong-19,approx,0.0,1.0,0.31222826,1.0,1.0
confidently_wrong,confidently_wrong-19,hybrid,0.0,1.0,0.43600712,0.0,1.0
near_entity_collision,near_entity_collision-0,exact,1.0,0.0,0.0,1.0,0.0
near_entity_collision,near_entity_collision-0,approx,1.0,0.0,0.0,1.0,0.0
near_entity_collision,near_entity_collision-0,hybrid,1.0,0.0,0.0,0.0,0.0
near_entity_collision,near_entity_collision-1,exact,1.0,0.0,0.0,1.0,0.0
near_entity_collision,near_entity_collision-1,approx,1.0,0.0,0.0,1.0,0.0
near_entity_collision,near_entity_collision-1,hybrid,1.0,0.0,0.0,0.0,0.0
near_entity_collision,near_entity_collision-2,exact,1.0,0.0,0.0,1.0,0.0
near_entity_collision,near_entity_collision-2,approx,1.0,0.0,0.0,1.0,0.0
near_entity_collision,near_entity_collision-2,hybrid,1.0,0.0,0.0,0.0,0.0
near_entity_collision,near_entity_collision-3,exact,1.0,0.0,0.0,1.0,0.0
near_entity_collision,near_entity_collision-3,approx,1.0,0.0,0.0,1.0,0.0
near_entity_collision,near_entity_collision-3,hybrid,1.0,0.0,0.0,0.0,0.0
near_entity_collision,near_entity_collision-4,exact,1.0,0.0,0.0,1.0,0.0
near_entity_collision,near_entity_collision-4,approx,1.0,0.0,0.0,1.0,0.0
near_entity_collision,near_entity_collision-4,hybrid,1.0,0.0,0.0,0.0,0.0
near_entity_collision,near_entity_collision-5,exact,1.0,0.0,0.0,1.0,0.0
near_entity_collision,near_entity_collision-5,approx,1.0,0.0,0.0,1.0,0.0
near_entity_collision,near_entity_collision-5,hybrid,1.0,0.0,0.0,0.0,0.0
near_entity_collision,near_entity_collision-6,exact,1.0,0.0,0.0,1.0,0.0
near_entity_collision,near_entity_collision-6,approx,1.0,0.0,0.0,1.0,0.0
near_entity_collision,near_entity_collision-6,hybrid,1.0,0.0,0.0,0.0,0.0
near_entity_collision,near_entity_collision-7,exact,1.0,0.0,0.0,1.0,0.0
near_entity_collision,near_entity_collision-7,approx,1.0,0.0,0.0,1.0,0.0
near_entity_collision,near_entity_collision-7,hybrid,1.0,0.0,0.0,0.0,0.0
near_entity_collision,near_entity_collision-8,exact,1.0,0.0,0.0,1.0,0.0
near_entity_collision,near_entity_collision-8,approx,1.0,0.0,0.0,1.0,0.0
near_entity_collision,near_entity_collision-8,hybrid,1.0,0.0,0.0,0.0,0.0
near_entity_collision,near_entity_collision-9,exact,1.0,0.0,0.0,1.0,0.0
near_entity_collision,near_entity_collision-9,approx,1.0,0.0,0.0,1.0,0.0
near_entity_collision,near_entity_collision-9,hybrid,1.0,0.0,0.0,0.0,0.0
near_entity_collision,near_entity_collision-10,exact,1.0,0.0,0.0,0.0,0.0
near_entity_collision,near_entity_collision-10,approx,1.0,0.0,0.0,0.0,0.0
near_entity_collision,near_entity_collision-10,hybrid,1.0,0.0,0.0,0.0,0.0
near_entity_collision,near_entity_collision-11,exact,1.0,0.0,0.0,0.0,0.0
near_entity_collision,near_entity_collision-11,approx,1.0,0.0,0.0,0.0,0.0
near_entity_collision,near_entity_collision-11,hybrid,1.0,0.0,0.0,0.0,0.0
near_entity_collision,near_entity_collision-12,exact,1.0,0.0,0.0,0.0,0.0
near_entity_collision,near_entity_collision-12,approx,1.0,0.0,0.0,0.0,0.0
near_entity_collision,near_entity_collision-12,hybrid,1.0,0.0,0.0,0.0,0.0
near_entity_collision,near_entity_collision-13,exact,1.0,0.0,0.0,0.0,0.0
near_entity_collision,near_entity_collision-13,approx,1.0,0.0,0.0,0.0,0.0
near_entity_collision,near_entity_collision-13,hybrid,1.0,0.0,0.0,0.0,0.0
near_entity_collision,near_entity_collision-14,exact,1.0,0.0,0.0,0.0,0.0
near_entity_collision,near_entity_collision-14,approx,1.0,0.0,0.0,0.0,0.0
near_entity_collision,near_entity_collision-14,hybrid,1.0,0.0,0.0,0.0,0.0
near_entity_collision,near_entity_collision-15,exact,1.0,0.0,0.0,0.0,0.0
near_entity_collision,near_entity_collision-15,approx,1.0,0.0,0.0,0.0,0.0
near_entity_collision,near_entity_collision-15,hybrid,1.0,0.0,0.0,0.0,0.0
near_entity_collision,near_entity_collision-16,exact,1.0,0.0,0.0,0.0,0.0
near_entity_collision,near_entity_collision-16,approx,1.0,0.0,0.0,0.0,0.0
near_entity_collision,near_entity_collision-16,hybrid,1.0,0.0,0.0,0.0,0.0
near_entity_collision,near_entity_collision-17,exact,1.0,0.0,0.0,0.0,0.0
near_entity_collision,near_entity_collision-17,approx,1.0,0.0,0.0,0.0,0.0
near_entity_collision,near_entity_collision-17,hybrid,1.0,0.0,0.0,0.0,0.0
near_entity_collision,near_entity_collision-18,exact,1.0,0.0,0.0,0.0,0.0
near_entity_collision,near_entity_collision-18,approx,1.0,0.0,0.0,0.0,0.0
near_entity_collision,near_entity_collision-18,hybrid,1.0,0.0,0.0,0.0,0.0
near_entity_collision,near_entity_collision-19,exact,1.0,0.0,0.0,0.0,0.0
near_entity_collision,near_entity_collision-19,approx,1.0,0.0,0.0,0.0,0.0
near_entity_collision,near_entity_collision-19,hybrid,1.0,0.0,0.0,0.0,0.0
shared_prefix,shared_prefix-0,exact,1.0,0.0,0.0,0.0,0.0
shared_prefix,shared_prefix-0,approx,1.0,0.0,0.0,0.0,0.0
shared_prefix,shared_prefix-0,hybrid,1.0,0.0,0.0,0.0,0.0
shared_prefix,shared_prefix-1,exact,1.0,0.0,0.0,0.0,0.0
shared_prefix,shared_prefix-1,approx,1.0,0.0,0.0,0.0,0.0
shared_prefix,shared_prefix-1,hybrid,1.0,0.0,0.0,0.0,0.0
shared_prefix,shared_prefix-2,exact,1.0,0.0,0.0,0.0,0.0
shared_prefix,shared_prefix-2,approx,1.0,0.0,0.0,0.0,0.0
shared_prefix,shared_prefix-2,hybrid,1.0,0.0,0.0,0.0,0.0
shared_prefix,shared_prefix-3,exact,1.0,0.0,0.0,0.0,0.0
shared_prefix,shared_prefix-3,approx,1.0,0.0,0.0,0.0,0.0
shared_prefix,shared_prefix-3,hybrid,1.0,0.0,0.0,0.0,0.0
shared_prefix,shared_prefix-4,exact,1.0,0.0,0.0,0.0,0.0
shared_prefix,shared_prefix-4,approx,1.0,0.0,0.0,0.0,0.0
shared_prefix,shared_prefix-4,hybrid,1.0,0.0,0.0,0.0,0.0
shared_prefix,shared_prefix-5,exact,1.0,0.0,0.0,0.0,0.0
shared_prefix,shared_prefix-5,approx,1.0,0.0,0.0,0.0,0.0
shared_prefix,shared_prefix-5,hybrid,1.0,0.0,0.0,0.0,0.0
shared_prefix,shared_prefix-6,exact,1.0,0.0,0.0,0.0,0.0
shared_prefix,shared_prefix-6,approx,1.0,0.0,0.0,0.0,0.0
shared_prefix,shared_prefix-6,hybrid,1.0,0.0,0.0,0.0,0.0
shared_prefix,shared_prefix-7,exact,1.0,0.0,0.0,0.0,0.0
shared_prefix,shared_prefix-7,approx,1.0,0.0,0.0,0.0,0.0
shared_prefix,shared_prefix-7,hybrid,1.0,0.0,0.0,0.0,0.0
shared_prefix,shared_prefix-8,exact,1.0,0.0,0.0,0.0,0.0
shared_prefix,shared_prefix-8,approx,1.0,0.0,0.0,0.0,0.0
shared_prefix,shared_prefix-8,hybrid,1.0,0.0,0.0,0.0,0.0
shared_prefix,shared_prefix-9,exact,1.0,0.0,0.0,0.0,0.0
shared_prefix,shared_prefix-9,approx,1.0,0.0,0.0,0.0,0.0
shared_prefix,shared_prefix-9,hybrid,1.0,0.0,0.0,0.0,0.0
shared_prefix,shared_prefix-10,exact,1.0,0.0,0.0,0.0,0.0
shared_prefix,shared_prefix-10,approx,1.0,0.0,0.0,0.0,0.0
shared_prefix,shared_prefix-10,hybrid,1.0,0.0,0.0,0.0,0.0
shared_prefix,shared_prefix-11,exact,1.0,0.0,0.0,0.0,0.0
shared_prefix,shared_prefix-11,approx,1.0,0.0,0.0,0.0,0.0
shared_prefix,shared_prefix-11,hybrid,1.0,0.0,0.0,0.0,0.0
shared_prefix,shared_prefix-12,exact,1.0,0.0,0.0,0.0,0.0
shared_prefix,shared_prefix-12,approx,1.0,0.0,0.0,0.0,0.0
shared_prefix,shared_prefix-12,hybrid,1.0,0.0,0.0,0.0,0.0
shared_prefix,shared_prefix-13,exact,1.0,0.0,0.0,0.0,0.0
shared_prefix,shared_prefix-13,approx,1.0,0.0,0.0,0.0,0.0
shared_prefix,shared_prefix-13,hybrid,1.0,0.0,0.0,0.0,0.0
shared_prefix,shared_prefix-14,exact,1.0,0.0,0.0,0.0,0.0
shared_prefix,shared_prefix-14,approx,1.0,0.0,0.0,0.0,0.0
shared_prefix,shared_prefix-14,hybrid,1.0,0.0,0.0,0.0,0.0
shared_prefix,shared_prefix-15,exact,1.0,0.0,0.0,0.0,0.0
shared_prefix,shared_prefix-15,approx,1.0,0.0,0.0,0.0,0.0
shared_prefix,shared_prefix-15,hybrid,1.0,0.0,0.0,0.0,0.0
shared_prefix,shared_prefix-16,exact,1.0,0.0,0.0,0.0,0.0
shared_prefix,shared_prefix-16,approx,1.0,0.0,0.0,0.0,0.0
shared_prefix,shared_prefix-16,hybrid,1.0,0.0,0.0,0.0,0.0
shared_prefix,shared_prefix-17,exact,1.0,0.0,0.0,0.0,0.0
shared_prefix,shared_prefix-17,approx,1.0,0.0,0.0,0.0,0.0
shared_prefix,shared_prefix-17,hybrid,1.0,0.0,0.0,0.0,0.0
shared_prefix,shared_prefix-18,exact,1.0,0.0,0.0,0.0,0.0
shared_prefix,shared_prefix-18,approx,1.0,0.0,0.0,0.0,0.0
shared_prefix,shared_prefix-18,hybrid,1.0,0.0,0.0,0.0,0.0
shared_prefix,shared_prefix-19,exact,1.0,0.0,0.0,0.0,0.0
shared_prefix,shared_prefix-19,approx,1.0,0.0,0.0,0.0,0.0
shared_prefix,shared_prefix-19,hybrid,1.0,0.0,0.0,0.0,0.0
numeric_id_collision,numeric_id_collision-0,exact,1.0,0.0,0.0,0.0,0.0
numeric_id_collision,numeric_id_collision-0,approx,1.0,0.0,0.0,0.0,0.0
numeric_id_collision,numeric_id_collision-0,hybrid,1.0,0.0,0.0,0.0,0.0
numeric_id_collision,numeric_id_collision-1,exact,1.0,0.0,0.0,0.0,0.0
numeric_id_collision,numeric_id_collision-1,approx,1.0,0.0,0.0,0.0,0.0
numeric_id_collision,numeric_id_collision-1,hybrid,1.0,0.0,0.0,0.0,0.0
numeric_id_collision,numeric_id_collision-2,exact,1.0,0.0,0.0,0.0,0.0
numeric_id_collision,numeric_id_collision-2,approx,1.0,0.0,0.0,0.0,0.0
numeric_id_collision,numeric_id_collision-2,hybrid,1.0,0.0,0.0,0.0,0.0
numeric_id_collision,numeric_id_collision-3,exact,1.0,0.0,0.0,0.0,0.0
numeric_id_collision,numeric_id_collision-3,approx,1.0,0.0,0.0,0.0,0.0
numeric_id_collision,numeric_id_collision-3,hybrid,1.0,0.0,0.0,0.0,0.0
numeric_id_collision,numeric_id_collision-4,exact,1.0,0.0,0.0,0.0,0.0
numeric_id_collision,numeric_id_collision-4,approx,1.0,0.0,0.0,0.0,0.0
numeric_id_collision,numeric_id_collision-4,hybrid,1.0,0.0,0.0,0.0,0.0
numeric_id_collision,numeric_id_collision-5,exact,1.0,0.0,0.0,0.0,0.0
numeric_id_collision,numeric_id_collision-5,approx,1.0,0.0,0.0,0.0,0.0
numeric_id_collision,numeric_id_collision-5,hybrid,1.0,0.0,0.0,0.0,0.0
numeric_id_collision,numeric_id_collision-6,exact,1.0,0.0,0.0,0.0,0.0
numeric_id_collision,numeric_id_collision-6,approx,1.0,0.0,0.0,0.0,0.0
numeric_id_collision,numeric_id_collision-6,hybrid,1.0,0.0,0.0,0.0,0.0
numeric_id_collision,numeric_id_collision-7,exact,1.0,0.0,0.0,0.0,0.0
numeric_id_collision,numeric_id_collision-7,approx,1.0,0.0,0.0,0.0,0.0
numeric_id_collision,numeric_id_collision-7,hybrid,1.0,0.0,0.0,0.0,0.0
numeric_id_collision,numeric_id_collision-8,exact,1.0,0.0,0.0,0.0,0.0
numeric_id_collision,numeric_id_collision-8,approx,1.0,0.0,0.0,0.0,0.0
numeric_id_collision,numeric_id_collision-8,hybrid,1.0,0.0,0.0,0.0,0.0
numeric_id_collision,numeric_id_collision-9,exact,1.0,0.0,0.0,0.0,0.0
numeric_id_collision,numeric_id_collision-9,approx,1.0,0.0,0.0,0.0,0.0
numeric_id_collision,numeric_id_collision-9,hybrid,1.0,0.0,0.0,0.0,0.0
numeric_id_collision,numeric_id_collision-10,exact,1.0,0.0,0.0,0.0,0.0
numeric_id_collision,numeric_id_collision-10,approx,1.0,0.0,0.0,0.0,0.0
numeric_id_collision,numeric_id_collision-10,hybrid,1.0,0.0,0.0,0.0,0.0
numeric_id_collision,numeric_id_collision-11,exact,1.0,0.0,0.0,0.0,0.0
numeric_id_collision,numeric_id_collision-11,approx,1.0,0.0,0.0,0.0,0.0
numeric_id_collision,numeric_id_collision-11,hybrid,1.0,0.0,0.0,0.0,0.0
numeric_id_collision,numeric_id_collision-12,exact,1.0,0.0,0.0,0.0,0.0
numeric_id_collision,numeric_id_collision-12,approx,1.0,0.0,0.0,0.0,0.0
numeric_id_collision,numeric_id_collision-12,hybrid,1.0,0.0,0.0,0.0,0.0
numeric_id_collision,numeric_id_collision-13,exact,1.0,0.0,0.0,0.0,0.0
numeric_id_collision,numeric_id_collision-13,approx,1.0,0.0,0.0,0.0,0.0
numeric_id_collision,numeric_id_collision-13,hybrid,1.0,0.0,0.0,0.0,0.0
numeric_id_collision,numeric_id_collision-14,exact,1.0,0.0,0.0,0.0,0.0
numeric_id_collision,numeric_id_collision-14,approx,1.0,0.0,0.0,0.0,0.0
numeric_id_collision,numeric_id_collision-14,hybrid,1.0,0.0,0.0,0.0,0.0
numeric_id_collision,numeric_id_collision-15,exact,1.0,0.0,0.0,0.0,0.0
numeric_id_collision,numeric_id_collision-15,approx,1.0,0.0,0.0,0.0,0.0
numeric_id_collision,numeric_id_collision-15,hybrid,1.0,0.0,0.0,0.0,0.0
numeric_id_collision,numeric_id_collision-16,exact,1.0,0.0,0.0,0.0,0.0
numeric_id_collision,numeric_id_collision-16,approx,1.0,0.0,0.0,0.0,0.0
numeric_id_collision,numeric_id_collision-16,hybrid,1.0,0.0,0.0,0.0,0.0
numeric_id_collision,numeric_id_collision-17,exact,1.0,0.0,0.0,0.0,0.0
numeric_id_collision,numeric_id_collision-17,approx,1.0,0.0,0.0,0.0,0.0
numeric_id_collision,numeric_id_collision-17,hybrid,1.0,0.0,0.0,0.0,0.0
numeric_id_collision,numeric_id_collision-18,exact,1.0,0.0,0.0,0.0,0.0
numeric_id_collision,numeric_id_collision-18,approx,1.0,0.0,0.0,0.0,0.0
numeric_id_collision,numeric_id_collision-18,hybrid,1.0,0.0,0.0,0.0,0.0
numeric_id_collision,numeric_id_collision-19,exact,1.0,0.0,0.0,0.0,0.0
numeric_id_collision,numeric_id_collision-19,approx,1.0,0.0,0.0,0.0,0.0
numeric_id_collision,numeric_id_collision-19,hybrid,1.0,0.0,0.0,0.0,0.0
url_domain_overlap,url_domain_overlap-0,exact,1.0,0.0,0.0,0.0,0.0
url_domain_overlap,url_domain_overlap-0,approx,1.0,0.0,0.0,0.0,0.0
url_domain_overlap,url_domain_overlap-0,hybrid,1.0,0.0,0.0,0.0,0.0
url_domain_overlap,url_domain_overlap-1,exact,1.0,0.0,0.0,0.0,0.0
url_domain_overlap,url_domain_overlap-1,approx,1.0,0.0,0.0,0.0,0.0
url_domain_overlap,url_domain_overlap-1,hybrid,1.0,0.0,0.0,0.0,0.0
url_domain_overlap,url_domain_overlap-2,exact,1.0,0.0,0.0,0.0,0.0
url_domain_overlap,url_domain_overlap-2,approx,1.0,0.0,0.0,0.0,0.0
url_domain_overlap,url_domain_overlap-2,hybrid,1.0,0.0,0.0,0.0,0.0
url_domain_overlap,url_domain_overlap-3,exact,1.0,0.0,0.0,0.0,0.0
url_domain_overlap,url_domain_overlap-3,approx,1.0,0.0,0.0,0.0,0.0
url_domain_overlap,url_domain_overlap-3,hybrid,1.0,0.0,0.0,0.0,0.0
url_domain_overlap,url_domain_overlap-4,exact,1.0,0.0,0.0,0.0,0.0
url_domain_overlap,url_domain_overlap-4,approx,1.0,0.0,0.0,0.0,0.0
url_domain_overlap,url_domain_overlap-4,hybrid,1.0,0.0,0.0,0.0,0.0
url_domain_overlap,url_domain_overlap-5,exact,1.0,0.0,0.0,0.0,0.0
url_domain_overlap,url_domain_overlap-5,approx,1.0,0.0,0.0,0.0,0.0
url_domain_overlap,url_domain_overlap-5,hybrid,1.0,0.0,0.0,0.0,0.0
url_domain_overlap,url_domain_overlap-6,exact,1.0,0.0,0.0,0.0,0.0
url_domain_overlap,url_domain_overlap-6,approx,1.0,0.0,0.0,0.0,0.0
url_domain_overlap,url_domain_overlap-6,hybrid,1.0,0.0,0.0,0.0,0.0
url_domain_overlap,url_domain_overlap-7,exact,1.0,0.0,0.0,0.0,0.0
url_domain_overlap,url_domain_overlap-7,approx,1.0,0.0,0.0,0.0,0.0
url_domain_overlap,url_domain_overlap-7,hybrid,1.0,0.0,0.0,0.0,0.0
url_domain_overlap,url_domain_overlap-8,exact,1.0,0.0,0.0,0.0,0.0
url_domain_overlap,url_domain_overlap-8,approx,1.0,0.0,0.0,0.0,0.0
url_domain_overlap,url_domain_overlap-8,hybrid,1.0,0.0,0.0,0.0,0.0
url_domain_overlap,url_domain_overlap-9,exact,1.0,0.0,0.0,0.0,0.0
url_domain_overlap,url_domain_overlap-9,approx,1.0,0.0,0.0,0.0,0.0
url_domain_overlap,url_domain_overlap-9,hybrid,1.0,0.0,0.0,0.0,0.0
url_domain_overlap,url_domain_overlap-10,exact,1.0,0.0,0.0,0.0,0.0
url_domain_overlap,url_domain_overlap-10,approx,1.0,0.0,0.0,0.0,0.0
url_domain_overlap,url_domain_overlap-10,hybrid,1.0,0.0,0.0,0.0,0.0
url_domain_overlap,url_domain_overlap-11,exact,1.0,0.0,0.0,0.0,0.0
url_domain_overlap,url_domain_overlap-11,approx,1.0,0.0,0.0,0.0,0.0
url_domain_overlap,url_domain_overlap-11,hybrid,1.0,0.0,0.0,0.0,0.0
url_domain_overlap,url_domain_overlap-12,exact,1.0,0.0,0.0,0.0,0.0
url_domain_overlap,url_domain_overlap-12,approx,1.0,0.0,0.0,0.0,0.0
url_domain_overlap,url_domain_overlap-12,hybrid,1.0,0.0,0.0,0.0,0.0
url_domain_overlap,url_domain_overlap-13,exact,1.0,0.0,0.0,0.0,0.0
url_domain_overlap,url_domain_overlap-13,approx,1.0,0.0,0.0,0.0,0.0
url_domain_overlap,url_domain_overlap-13,hybrid,1.0,0.0,0.0,0.0,0.0
url_domain_overlap,url_domain_overlap-14,exact,1.0,0.0,0.0,0.0,0.0
url_domain_overlap,url_domain_overlap-14,approx,1.0,0.0,0.0,0.0,0.0
url_domain_overlap,url_domain_overlap-14,hybrid,1.0,0.0,0.0,0.0,0.0
url_domain_overlap,url_domain_overlap-15,exact,1.0,0.0,0.0,0.0,0.0
url_domain_overlap,url_domain_overlap-15,approx,1.0,0.0,0.0,0.0,0.0
url_domain_overlap,url_domain_overlap-15,hybrid,1.0,0.0,0.0,0.0,0.0
url_domain_overlap,url_domain_overlap-16,exact,1.0,0.0,0.0,0.0,0.0
url_domain_overlap,url_domain_overlap-16,approx,1.0,0.0,0.0,0.0,0.0
url_domain_overlap,url_domain_overlap-16,hybrid,1.0,0.0,0.0,0.0,0.0
url_domain_overlap,url_domain_overlap-17,exact,1.0,0.0,0.0,0.0,0.0
url_domain_overlap,url_domain_overlap-17,approx,1.0,0.0,0.0,0.0,0.0
url_domain_overlap,url_domain_overlap-17,hybrid,1.0,0.0,0.0,0.0,0.0
url_domain_overlap,url_domain_overlap-18,exact,1.0,0.0,0.0,0.0,0.0
url_domain_overlap,url_domain_overlap-18,approx,1.0,0.0,0.0,0.0,0.0
url_domain_overlap,url_domain_overlap-18,hybrid,1.0,0.0,0.0,0.0,0.0
url_domain_overlap,url_domain_overlap-19,exact,1.0,0.0,0.0,0.0,0.0
url_domain_overlap,url_domain_overlap-19,approx,1.0,0.0,0.0,0.0,0.0
url_domain_overlap,url_domain_overlap-19,hybrid,1.0,0.0,0.0,0.0,0.0
same_name_wrong_entity,same_name_wrong_entity-0,exact,0.0,0.0,0.0,1.0,1.0
same_name_wrong_entity,same_name_wrong_entity-0,approx,0.0,0.0,0.0,1.0,1.0
same_name_wrong_entity,same_name_wrong_entity-0,hybrid,0.0,0.0,0.0,0.0,1.0
same_name_wrong_entity,same_name_wrong_entity-1,exact,0.0,0.0,0.0,1.0,1.0
same_name_wrong_entity,same_name_wrong_entity-1,approx,0.0,0.0,0.0,1.0,1.0
same_name_wrong_entity,same_name_wrong_entity-1,hybrid,0.0,0.0,0.0,0.0,1.0
same_name_wrong_entity,same_name_wrong_entity-2,exact,0.0,0.0,0.0,1.0,1.0
same_name_wrong_entity,same_name_wrong_entity-2,approx,0.0,0.0,0.0,1.0,1.0
same_name_wrong_entity,same_name_wrong_entity-2,hybrid,0.0,0.0,0.0,0.0,1.0
same_name_wrong_entity,same_name_wrong_entity-3,exact,0.0,0.0,0.0,1.0,1.0
same_name_wrong_entity,same_name_wrong_entity-3,approx,0.0,0.0,0.0,1.0,1.0
same_name_wrong_entity,same_name_wrong_entity-3,hybrid,0.0,0.0,0.0,0.0,1.0
same_name_wrong_entity,same_name_wrong_entity-4,exact,0.0,0.0,0.0,1.0,1.0
same_name_wrong_entity,same_name_wrong_entity-4,approx,0.0,0.0,0.0,1.0,1.0
same_name_wrong_entity,same_name_wrong_entity-4,hybrid,0.0,0.0,0.0,0.0,1.0
same_name_wrong_entity,same_name_wrong_entity-5,exact,0.0,0.0,0.0,1.0,1.0
same_name_wrong_entity,same_name_wrong_entity-5,approx,0.0,0.0,0.0,1.0,1.0
same_name_wrong_entity,same_name_wrong_entity-5,hybrid,0.0,0.0,0.0,0.0,1.0
same_name_wrong_entity,same_name_wrong_entity-6,exact,0.0,0.0,0.0,1.0,1.0
same_name_wrong_entity,same_name_wrong_entity-6,approx,0.0,0.0,0.0,1.0,1.0
same_name_wrong_entity,same_name_wrong_entity-6,hybrid,0.0,0.0,0.0,0.0,1.0
same_name_wrong_entity,same_name_wrong_entity-7,exact,0.0,0.0,0.0,1.0,1.0
same_name_wrong_entity,same_name_wrong_entity-7,approx,0.0,0.0,0.0,1.0,1.0
same_name_wrong_entity,same_name_wrong_entity-7,hybrid,0.0,0.0,0.0,0.0,1.0
same_name_wrong_entity,same_name_wrong_entity-8,exact,0.0,0.0,0.0,1.0,1.0
same_name_wrong_entity,same_name_wrong_entity-8,approx,0.0,0.0,0.0,1.0,1.0
same_name_wrong_entity,same_name_wrong_entity-8,hybrid,0.0,0.0,0.0,0.0,1.0
same_name_wrong_entity,same_name_wrong_entity-9,exact,0.0,0.0,0.0,1.0,1.0
same_name_wrong_entity,same_name_wrong_entity-9,approx,0.0,0.0,0.0,1.0,1.0
same_name_wrong_entity,same_name_wrong_entity-9,hybrid,0.0,0.0,0.0,0.0,1.0
same_name_wrong_entity,same_name_wrong_entity-10,exact,0.0,0.0,0.0,0.0,1.0
same_name_wrong_entity,same_name_wrong_entity-10,approx,1.0,0.0,0.0,0.0,0.0
same_name_wrong_entity,same_name_wrong_entity-10,hybrid,0.0,0.0,0.0,0.0,1.0
same_name_wrong_entity,same_name_wrong_entity-11,exact,0.0,0.0,0.0,0.0,1.0
same_name_wrong_entity,same_name_wrong_entity-11,approx,1.0,0.0,0.0,0.0,0.0
same_name_wrong_entity,same_name_wrong_entity-11,hybrid,0.0,0.0,0.0,0.0,1.0
same_name_wrong_entity,same_name_wrong_entity-12,exact,0.0,0.0,0.0,0.0,1.0
same_name_wrong_entity,same_name_wrong_entity-12,approx,1.0,0.0,0.0,0.0,0.0
same_name_wrong_entity,same_name_wrong_entity-12,hybrid,0.0,0.0,0.0,0.0,1.0
same_name_wrong_entity,same_name_wrong_entity-13,exact,0.0,0.0,0.0,0.0,1.0
same_name_wrong_entity,same_name_wrong_entity-13,approx,1.0,0.0,0.0,0.0,0.0
same_name_wrong_entity,same_name_wrong_entity-13,hybrid,0.0,0.0,0.0,0.0,1.0
same_name_wrong_entity,same_name_wrong_entity-14,exact,0.0,0.0,0.0,0.0,1.0
same_name_wrong_entity,same_name_wrong_entity-14,approx,1.0,0.0,0.0,0.0,0.0
same_name_wrong_entity,same_name_wrong_entity-14,hybrid,0.0,0.0,0.0,0.0,1.0
same_name_wrong_entity,same_name_wrong_entity-15,exact,0.0,0.0,0.0,0.0,1.0
same_name_wrong_entity,same_name_wrong_entity-15,approx,1.0,0.0,0.0,0.0,0.0
same_name_wrong_entity,same_name_wrong_entity-15,hybrid,0.0,0.0,0.0,0.0,1.0
same_name_wrong_entity,same_name_wrong_entity-16,exact,0.0,0.0,0.0,0.0,1.0
same_name_wrong_entity,same_name_wrong_entity-16,approx,1.0,0.0,0.0,0.0,0.0
same_name_wrong_entity,same_name_wrong_entity-16,hybrid,0.0,0.0,0.0,0.0,1.0
same_name_wrong_entity,same_name_wrong_entity-17,exact,0.0,0.0,0.0,0.0,1.0
same_name_wrong_entity,same_name_wrong_entity-17,approx,1.0,0.0,0.0,0.0,0.0
same_name_wrong_entity,same_name_wrong_entity-17,hybrid,0.0,0.0,0.0,0.0,1.0
same_name_wrong_entity,same_name_wrong_entity-18,exact,0.0,0.0,0.0,0.0,1.0
same_name_wrong_entity,same_name_wrong_entity-18,approx,1.0,0.0,0.0,0.0,0.0
same_name_wrong_entity,same_name_wrong_entity-18,hybrid,0.0,0.0,0.0,0.0,1.0
same_name_wrong_entity,same_name_wrong_entity-19,exact,0.0,0.0,0.0,0.0,1.0
same_name_wrong_entity,same_name_wrong_entity-19,approx,1.0,0.0,0.0,0.0,0.0
same_name_wrong_entity,same_name_wrong_entity-19,hybrid,0.0,0.0,0.0,0.0,1.0
same_class_wrong_instance,same_class_wrong_instance-0,exact,0.0,0.0,0.0,1.0,1.0
same_class_wrong_instance,same_class_wrong_instance-0,approx,0.0,1.0,0.31541667,1.0,1.0
same_class_wrong_instance,same_class_wrong_instance-0,hybrid,0.0,0.0,0.0,0.0,1.0
same_class_wrong_instance,same_class_wrong_instance-1,exact,0.0,0.0,0.0,1.0,1.0
same_class_wrong_instance,same_class_wrong_instance-1,approx,0.0,1.0,0.31541667,1.0,1.0
same_class_wrong_instance,same_class_wrong_instance-1,hybrid,0.0,0.0,0.0,0.0,1.0
same_class_wrong_instance,same_class_wrong_instance-2,exact,0.0,0.0,0.0,1.0,1.0
same_class_wrong_instance,same_class_wrong_instance-2,approx,0.0,1.0,0.31541667,1.0,1.0
same_class_wrong_instance,same_class_wrong_instance-2,hybrid,0.0,0.0,0.0,0.0,1.0
same_class_wrong_instance,same_class_wrong_instance-3,exact,0.0,0.0,0.0,1.0,1.0
same_class_wrong_instance,same_class_wrong_instance-3,approx,0.0,1.0,0.31541667,1.0,1.0
same_class_wrong_instance,same_class_wrong_instance-3,hybrid,0.0,0.0,0.0,0.0,1.0
same_class_wrong_instance,same_class_wrong_instance-4,exact,0.0,0.0,0.0,1.0,1.0
same_class_wrong_instance,same_class_wrong_instance-4,approx,0.0,1.0,0.31541667,1.0,1.0
same_class_wrong_instance,same_class_wrong_instance-4,hybrid,0.0,0.0,0.0,0.0,1.0
same_class_wrong_instance,same_class_wrong_instance-5,exact,0.0,0.0,0.0,1.0,1.0
same_class_wrong_instance,same_class_wrong_instance-5,approx,0.0,1.0,0.31541667,1.0,1.0
same_class_wrong_instance,same_class_wrong_instance-5,hybrid,0.0,0.0,0.0,0.0,1.0
same_class_wrong_instance,same_class_wrong_instance-6,exact,0.0,0.0,0.0,1.0,1.0
same_class_wrong_instance,same_class_wrong_instance-6,approx,0.0,1.0,0.31541667,1.0,1.0
same_class_wrong_instance,same_class_wrong_instance-6,hybrid,0.0,0.0,0.0,0.0,1.0
same_class_wrong_instance,same_class_wrong_instance-7,exact,0.0,0.0,0.0,1.0,1.0
same_class_wrong_instance,same_class_wrong_instance-7,approx,0.0,1.0,0.31541667,1.0,1.0
same_class_wrong_instance,same_class_wrong_instance-7,hybrid,0.0,0.0,0.0,0.0,1.0
same_class_wrong_instance,same_class_wrong_instance-8,exact,0.0,0.0,0.0,1.0,1.0
same_class_wrong_instance,same_class_wrong_instance-8,approx,0.0,1.0,0.31541667,1.0,1.0
same_class_wrong_instance,same_class_wrong_instance-8,hybrid,0.0,0.0,0.0,0.0,1.0
same_class_wrong_instance,same_class_wrong_instance-9,exact,0.0,0.0,0.0,1.0,1.0
same_class_wrong_instance,same_class_wrong_instance-9,approx,0.0,1.0,0.31541667,1.0,1.0
same_class_wrong_instance,same_class_wrong_instance-9,hybrid,0.0,0.0,0.0,0.0,1.0
same_class_wrong_instance,same_class_wrong_instance-10,exact,0.0,1.0,0.5,0.0,1.0
same_class_wrong_instance,same_class_wrong_instance-10,approx,0.0,1.0,0.40833333,0.0,1.0
same_class_wrong_instance,same_class_wrong_instance-10,hybrid,0.0,1.0,0.54850712,0.0,1.0
same_class_wrong_instance,same_class_wrong_instance-11,exact,0.0,1.0,0.5,0.0,1.0
same_class_wrong_instance,same_class_wrong_instance-11,approx,0.0,1.0,0.40833333,0.0,1.0
same_class_wrong_instance,same_class_wrong_instance-11,hybrid,0.0,1.0,0.54850712,0.0,1.0
same_class_wrong_instance,same_class_wrong_instance-12,exact,0.0,1.0,0.5,0.0,1.0
same_class_wrong_instance,same_class_wrong_instance-12,approx,0.0,1.0,0.40833333,0.0,1.0
same_class_wrong_instance,same_class_wrong_instance-12,hybrid,0.0,1.0,0.54850712,0.0,1.0
same_class_wrong_instance,same_class_wrong_instance-13,exact,0.0,1.0,0.5,0.0,1.0
same_class_wrong_instance,same_class_wrong_instance-13,approx,0.0,1.0,0.40833333,0.0,1.0
same_class_wrong_instance,same_class_wrong_instance-13,hybrid,0.0,1.0,0.54850712,0.0,1.0
same_class_wrong_instance,same_class_wrong_instance-14,exact,0.0,1.0,0.5,0.0,1.0
same_class_wrong_instance,same_class_wrong_instance-14,approx,0.0,1.0,0.40833333,0.0,1.0
same_class_wrong_instance,same_class_wrong_instance-14,hybrid,0.0,1.0,0.54850712,0.0,1.0
same_class_wrong_instance,same_class_wrong_instance-15,exact,0.0,1.0,0.5,0.0,1.0
same_class_wrong_instance,same_class_wrong_instance-15,approx,0.0,1.0,0.40833333,0.0,1.0
same_class_wrong_instance,same_class_wrong_instance-15,hybrid,0.0,1.0,0.54850712,0.0,1.0
same_class_wrong_instance,same_class_wrong_instance-16,exact,0.0,1.0,0.5,0.0,1.0
same_class_wrong_instance,same_class_wrong_instance-16,approx,0.0,1.0,0.40833333,0.0,1.0
same_class_wrong_instance,same_class_wrong_instance-16,hybrid,0.0,1.0,0.54850712,0.0,1.0
same_class_wrong_instance,same_class_wrong_instance-17,exact,0.0,1.0,0.5,0.0,1.0
same_class_wrong_instance,same_class_wrong_instance-17,approx,0.0,1.0,0.40833333,0.0,1.0
same_class_wrong_instance,same_class_wrong_instance-17,hybrid,0.0,1.0,0.54850712,0.0,1.0
same_class_wrong_instance,same_class_wrong_instance-18,exact,0.0,1.0,0.5,0.0,1.0
same_class_wrong_instance,same_class_wrong_instance-18,approx,0.0,1.0,0.40833333,0.0,1.0
same_class_wrong_instance,same_class_wrong_instance-18,hybrid,0.0,1.0,0.54850712,0.0,1.0
same_class_wrong_instance,same_class_wrong_instance-19,exact,0.0,1.0,0.5,0.0,1.0
same_class_wrong_instance,same_class_wrong_instance-19,approx,0.0,1.0,0.40833333,0.0,1.0
same_class_wrong_instance,same_class_wrong_instance-19,hybrid,0.0,1.0,0.54850712,0.0,1.0
correct_entity_wrong_relation,correct_entity_wrong_relation-0,exact,0.0,0.0,0.0,1.0,1.0
correct_entity_wrong_relation,correct_entity_wrong_relation-0,approx,0.0,1.0,0.30661765,1.0,1.0
correct_entity_wrong_relation,correct_entity_wrong_relation-0,hybrid,0.0,0.0,0.0,0.0,1.0
correct_entity_wrong_relation,correct_entity_wrong_relation-1,exact,0.0,0.0,0.0,1.0,1.0
correct_entity_wrong_relation,correct_entity_wrong_relation-1,approx,0.0,1.0,0.30661765,1.0,1.0
correct_entity_wrong_relation,correct_entity_wrong_relation-1,hybrid,0.0,0.0,0.0,0.0,1.0
correct_entity_wrong_relation,correct_entity_wrong_relation-2,exact,0.0,0.0,0.0,1.0,1.0
correct_entity_wrong_relation,correct_entity_wrong_relation-2,approx,0.0,1.0,0.30661765,1.0,1.0
correct_entity_wrong_relation,correct_entity_wrong_relation-2,hybrid,0.0,0.0,0.0,0.0,1.0
correct_entity_wrong_relation,correct_entity_wrong_relation-3,exact,0.0,0.0,0.0,1.0,1.0
correct_entity_wrong_relation,correct_entity_wrong_relation-3,approx,0.0,1.0,0.30661765,1.0,1.0
correct_entity_wrong_relation,correct_entity_wrong_relation-3,hybrid,0.0,0.0,0.0,0.0,1.0
correct_entity_wrong_relation,correct_entity_wrong_relation-4,exact,0.0,0.0,0.0,1.0,1.0
correct_entity_wrong_relation,correct_entity_wrong_relation-4,approx,0.0,1.0,0.30661765,1.0,1.0
correct_entity_wrong_relation,correct_entity_wrong_relation-4,hybrid,0.0,0.0,0.0,0.0,1.0
correct_entity_wrong_relation,correct_entity_wrong_relation-5,exact,0.0,0.0,0.0,1.0,1.0
correct_entity_wrong_relation,correct_entity_wrong_relation-5,approx,0.0,1.0,0.30661765,1.0,1.0
correct_entity_wrong_relation,correct_entity_wrong_relation-5,hybrid,0.0,0.0,0.0,0.0,1.0
correct_entity_wrong_relation,correct_entity_wrong_relation-6,exact,0.0,0.0,0.0,1.0,1.0
correct_entity_wrong_relation,correct_entity_wrong_relation-6,approx,0.0,1.0,0.30661765,1.0,1.0
correct_entity_wrong_relation,correct_entity_wrong_relation-6,hybrid,0.0,0.0,0.0,0.0,1.0
correct_entity_wrong_relation,correct_entity_wrong_relation-7,exact,0.0,0.0,0.0,1.0,1.0
correct_entity_wrong_relation,correct_entity_wrong_relation-7,approx,0.0,1.0,0.30661765,1.0,1.0
correct_entity_wrong_relation,correct_entity_wrong_relation-7,hybrid,0.0,0.0,0.0,0.0,1.0
correct_entity_wrong_relation,correct_entity_wrong_relation-8,exact,0.0,0.0,0.0,1.0,1.0
correct_entity_wrong_relation,correct_entity_wrong_relation-8,approx,0.0,1.0,0.30661765,1.0,1.0
correct_entity_wrong_relation,correct_entity_wrong_relation-8,hybrid,0.0,0.0,0.0,0.0,1.0
correct_entity_wrong_relation,correct_entity_wrong_relation-9,exact,0.0,0.0,0.0,1.0,1.0
correct_entity_wrong_relation,correct_entity_wrong_relation-9,approx,0.0,1.0,0.30661765,1.0,1.0
correct_entity_wrong_relation,correct_entity_wrong_relation-9,hybrid,0.0,0.0,0.0,0.0,1.0
correct_entity_wrong_relation,correct_entity_wrong_relation-10,exact,0.0,0.0,0.0,0.0,1.0
correct_entity_wrong_relation,correct_entity_wrong_relation-10,approx,1.0,0.0,0.0,0.0,0.0
correct_entity_wrong_relation,correct_entity_wrong_relation-10,hybrid,0.0,0.0,0.0,0.0,1.0
correct_entity_wrong_relation,correct_entity_wrong_relation-11,exact,0.0,0.0,0.0,0.0,1.0
correct_entity_wrong_relation,correct_entity_wrong_relation-11,approx,1.0,0.0,0.0,0.0,0.0
correct_entity_wrong_relation,correct_entity_wrong_relation-11,hybrid,0.0,0.0,0.0,0.0,1.0
correct_entity_wrong_relation,correct_entity_wrong_relation-12,exact,0.0,0.0,0.0,0.0,1.0
correct_entity_wrong_relation,correct_entity_wrong_relation-12,approx,1.0,0.0,0.0,0.0,0.0
correct_entity_wrong_relation,correct_entity_wrong_relation-12,hybrid,0.0,0.0,0.0,0.0,1.0
correct_entity_wrong_relation,correct_entity_wrong_relation-13,exact,0.0,0.0,0.0,0.0,1.0
correct_entity_wrong_relation,correct_entity_wrong_relation-13,approx,1.0,0.0,0.0,0.0,0.0
correct_entity_wrong_relation,correct_entity_wrong_relation-13,hybrid,0.0,0.0,0.0,0.0,1.0
correct_entity_wrong_relation,correct_entity_wrong_relation-14,exact,0.0,0.0,0.0,0.0,1.0
correct_entity_wrong_relation,correct_entity_wrong_relation-14,approx,1.0,0.0,0.0,0.0,0.0
correct_entity_wrong_relation,correct_entity_wrong_relation-14,hybrid,0.0,0.0,0.0,0.0,1.0
correct_entity_wrong_relation,correct_entity_wrong_relation-15,exact,0.0,0.0,0.0,0.0,1.0
correct_entity_wrong_relation,correct_entity_wrong_relation-15,approx,1.0,0.0,0.0,0.0,0.0
correct_entity_wrong_relation,correct_entity_wrong_relation-15,hybrid,0.0,0.0,0.0,0.0,1.0
correct_entity_wrong_relation,correct_entity_wrong_relation-16,exact,0.0,0.0,0.0,0.0,1.0
correct_entity_wrong_relation,correct_entity_wrong_relation-16,approx,1.0,0.0,0.0,0.0,0.0
correct_entity_wrong_relation,correct_entity_wrong_relation-16,hybrid,0.0,0.0,0.0,0.0,1.0
correct_entity_wrong_relation,correct_entity_wrong_relation-17,exact,0.0,0.0,0.0,0.0,1.0
correct_entity_wrong_relation,correct_entity_wrong_relation-17,approx,1.0,0.0,0.0,0.0,0.0
correct_entity_wrong_relation,correct_entity_wrong_relation-17,hybrid,0.0,0.0,0.0,0.0,1.0
correct_entity_wrong_relation,correct_entity_wrong_relation-18,exact,0.0,0.0,0.0,0.0,1.0
correct_entity_wrong_relation,correct_entity_wrong_relation-18,approx,1.0,0.0,0.0,0.0,0.0
correct_entity_wrong_relation,correct_entity_wrong_relation-18,hybrid,0.0,0.0,0.0,0.0,1.0
correct_entity_wrong_relation,correct_entity_wrong_relation-19,exact,0.0,0.0,0.0,0.0,1.0
correct_entity_wrong_relation,correct_entity_wrong_relation-19,approx,1.0,0.0,0.0,0.0,0.0
correct_entity_wrong_relation,correct_entity_wrong_relation-19,hybrid,0.0,0.0,0.0,0.0,1.0
stale_alternate_alias,stale_alternate_alias-0,exact,0.0,1.0,0.375,1.0,1.0
stale_alternate_alias,stale_alternate_alias-0,approx,0.0,1.0,0.375,1.0,1.0
stale_alternate_alias,stale_alternate_alias-0,hybrid,0.0,1.0,0.43600712,0.0,1.0
stale_alternate_alias,stale_alternate_alias-1,exact,0.0,1.0,0.375,1.0,1.0
stale_alternate_alias,stale_alternate_alias-1,approx,0.0,1.0,0.375,1.0,1.0
stale_alternate_alias,stale_alternate_alias-1,hybrid,0.0,1.0,0.43600712,0.0,1.0
stale_alternate_alias,stale_alternate_alias-2,exact,0.0,1.0,0.375,1.0,1.0
stale_alternate_alias,stale_alternate_alias-2,approx,0.0,1.0,0.375,1.0,1.0
stale_alternate_alias,stale_alternate_alias-2,hybrid,0.0,1.0,0.43600712,0.0,1.0
stale_alternate_alias,stale_alternate_alias-3,exact,0.0,1.0,0.375,1.0,1.0
stale_alternate_alias,stale_alternate_alias-3,approx,0.0,1.0,0.375,1.0,1.0
stale_alternate_alias,stale_alternate_alias-3,hybrid,0.0,1.0,0.43600712,0.0,1.0
stale_alternate_alias,stale_alternate_alias-4,exact,0.0,1.0,0.375,1.0,1.0
stale_alternate_alias,stale_alternate_alias-4,approx,0.0,1.0,0.375,1.0,1.0
stale_alternate_alias,stale_alternate_alias-4,hybrid,0.0,1.0,0.43600712,0.0,1.0
stale_alternate_alias,stale_alternate_alias-5,exact,0.0,1.0,0.375,1.0,1.0
stale_alternate_alias,stale_alternate_alias-5,approx,0.0,1.0,0.375,1.0,1.0
stale_alternate_alias,stale_alternate_alias-5,hybrid,0.0,1.0,0.43600712,0.0,1.0
stale_alternate_alias,stale_alternate_alias-6,exact,0.0,1.0,0.375,1.0,1.0
stale_alternate_alias,stale_alternate_alias-6,approx,0.0,1.0,0.375,1.0,1.0
stale_alternate_alias,stale_alternate_alias-6,hybrid,0.0,1.0,0.43600712,0.0,1.0
stale_alternate_alias,stale_alternate_alias-7,exact,0.0,1.0,0.375,1.0,1.0
stale_alternate_alias,stale_alternate_alias-7,approx,0.0,1.0,0.375,1.0,1.0
stale_alternate_alias,stale_alternate_alias-7,hybrid,0.0,1.0,0.43600712,0.0,1.0
stale_alternate_alias,stale_alternate_alias-8,exact,0.0,1.0,0.375,1.0,1.0
stale_alternate_alias,stale_alternate_alias-8,approx,0.0,1.0,0.375,1.0,1.0
stale_alternate_alias,stale_alternate_alias-8,hybrid,0.0,1.0,0.43600712,0.0,1.0
stale_alternate_alias,stale_alternate_alias-9,exact,0.0,1.0,0.375,1.0,1.0
stale_alternate_alias,stale_alternate_alias-9,approx,0.0,1.0,0.375,1.0,1.0
stale_alternate_alias,stale_alternate_alias-9,hybrid,0.0,1.0,0.43600712,0.0,1.0
stale_alternate_alias,stale_alternate_alias-10,exact,0.0,1.0,0.5,0.0,1.0
stale_alternate_alias,stale_alternate_alias-10,approx,0.0,1.0,0.45657895,0.0,1.0
stale_alternate_alias,stale_alternate_alias-10,hybrid,0.0,1.0,0.54850712,0.0,1.0
stale_alternate_alias,stale_alternate_alias-11,exact,0.0,1.0,0.5,0.0,1.0
stale_alternate_alias,stale_alternate_alias-11,approx,0.0,1.0,0.45657895,0.0,1.0
stale_alternate_alias,stale_alternate_alias-11,hybrid,0.0,1.0,0.54850712,0.0,1.0
stale_alternate_alias,stale_alternate_alias-12,exact,0.0,1.0,0.5,0.0,1.0
stale_alternate_alias,stale_alternate_alias-12,approx,0.0,1.0,0.45657895,0.0,1.0
stale_alternate_alias,stale_alternate_alias-12,hybrid,0.0,1.0,0.54850712,0.0,1.0
stale_alternate_alias,stale_alternate_alias-13,exact,0.0,1.0,0.5,0.0,1.0
stale_alternate_alias,stale_alternate_alias-13,approx,0.0,1.0,0.45657895,0.0,1.0
stale_alternate_alias,stale_alternate_alias-13,hybrid,0.0,1.0,0.54850712,0.0,1.0
stale_alternate_alias,stale_alternate_alias-14,exact,0.0,1.0,0.5,0.0,1.0
stale_alternate_alias,stale_alternate_alias-14,approx,0.0,1.0,0.45657895,0.0,1.0
stale_alternate_alias,stale_alternate_alias-14,hybrid,0.0,1.0,0.54850712,0.0,1.0
stale_alternate_alias,stale_alternate_alias-15,exact,0.0,1.0,0.5,0.0,1.0
stale_alternate_alias,stale_alternate_alias-15,approx,0.0,1.0,0.45657895,0.0,1.0
stale_alternate_alias,stale_alternate_alias-15,hybrid,0.0,1.0,0.54850712,0.0,1.0
stale_alternate_alias,stale_alternate_alias-16,exact,0.0,1.0,0.5,0.0,1.0
stale_alternate_alias,stale_alternate_alias-16,approx,0.0,1.0,0.45657895,0.0,1.0
stale_alternate_alias,stale_alternate_alias-16,hybrid,0.0,1.0,0.54850712,0.0,1.0
stale_alternate_alias,stale_alternate_alias-17,exact,0.0,1.0,0.5,0.0,1.0
stale_alternate_alias,stale_alternate_alias-17,approx,0.0,1.0,0.45657895,0.0,1.0
stale_alternate_alias,stale_alternate_alias-17,hybrid,0.0,1.0,0.54850712,0.0,1.0
stale_alternate_alias,stale_alternate_alias-18,exact,0.0,1.0,0.5,0.0,1.0
stale_alternate_alias,stale_alternate_alias-18,approx,0.0,1.0,0.45657895,0.0,1.0
stale_alternate_alias,stale_alternate_alias-18,hybrid,0.0,1.0,0.54850712,0.0,1.0
stale_alternate_alias,stale_alternate_alias-19,exact,0.0,1.0,0.5,0.0,1.0
stale_alternate_alias,stale_alternate_alias-19,approx,0.0,1.0,0.45657895,0.0,1.0
stale_alternate_alias,stale_alternate_alias-19,hybrid,0.0,1.0,0.54850712,0.0,1.0
two_plausible_references,two_plausible_references-0,exact,1.0,0.0,0.0,0.0,0.0
two_plausible_references,two_plausible_references-0,approx,1.0,0.0,0.0,0.0,0.0
two_plausible_references,two_plausible_references-0,hybrid,1.0,0.0,0.0,0.0,0.0
two_plausible_references,two_plausible_references-1,exact,1.0,0.0,0.0,0.0,0.0
two_plausible_references,two_plausible_references-1,approx,1.0,0.0,0.0,0.0,0.0
two_plausible_references,two_plausible_references-1,hybrid,1.0,0.0,0.0,0.0,0.0
two_plausible_references,two_plausible_references-2,exact,1.0,0.0,0.0,0.0,0.0
two_plausible_references,two_plausible_references-2,approx,1.0,0.0,0.0,0.0,0.0
two_plausible_references,two_plausible_references-2,hybrid,1.0,0.0,0.0,0.0,0.0
two_plausible_references,two_plausible_references-3,exact,1.0,0.0,0.0,0.0,0.0
two_plausible_references,two_plausible_references-3,approx,1.0,0.0,0.0,0.0,0.0
two_plausible_references,two_plausible_references-3,hybrid,1.0,0.0,0.0,0.0,0.0
two_plausible_references,two_plausible_references-4,exact,1.0,0.0,0.0,0.0,0.0
two_plausible_references,two_plausible_references-4,approx,1.0,0.0,0.0,0.0,0.0
two_plausible_references,two_plausible_references-4,hybrid,1.0,0.0,0.0,0.0,0.0
two_plausible_references,two_plausible_references-5,exact,1.0,0.0,0.0,0.0,0.0
two_plausible_references,two_plausible_references-5,approx,1.0,0.0,0.0,0.0,0.0
two_plausible_references,two_plausible_references-5,hybrid,1.0,0.0,0.0,0.0,0.0
two_plausible_references,two_plausible_references-6,exact,1.0,0.0,0.0,0.0,0.0
two_plausible_references,two_plausible_references-6,approx,1.0,0.0,0.0,0.0,0.0
two_plausible_references,two_plausible_references-6,hybrid,1.0,0.0,0.0,0.0,0.0
two_plausible_references,two_plausible_references-7,exact,1.0,0.0,0.0,0.0,0.0
two_plausible_references,two_plausible_references-7,approx,1.0,0.0,0.0,0.0,0.0
two_plausible_references,two_plausible_references-7,hybrid,1.0,0.0,0.0,0.0,0.0
two_plausible_references,two_plausible_references-8,exact,1.0,0.0,0.0,0.0,0.0
two_plausible_references,two_plausible_references-8,approx,1.0,0.0,0.0,0.0,0.0
two_plausible_references,two_plausible_references-8,hybrid,1.0,0.0,0.0,0.0,0.0
two_plausible_references,two_plausible_references-9,exact,1.0,0.0,0.0,0.0,0.0
two_plausible_references,two_plausible_references-9,approx,1.0,0.0,0.0,0.0,0.0
two_plausible_references,two_plausible_references-9,hybrid,1.0,0.0,0.0,0.0,0.0
two_plausible_references,two_plausible_references-10,exact,1.0,0.0,0.0,0.0,0.0
two_plausible_references,two_plausible_references-10,approx,1.0,0.0,0.0,0.0,0.0
two_plausible_references,two_plausible_references-10,hybrid,1.0,0.0,0.0,0.0,0.0
two_plausible_references,two_plausible_references-11,exact,1.0,0.0,0.0,0.0,0.0
two_plausible_references,two_plausible_references-11,approx,1.0,0.0,0.0,0.0,0.0
two_plausible_references,two_plausible_references-11,hybrid,1.0,0.0,0.0,0.0,0.0
two_plausible_references,two_plausible_references-12,exact,1.0,0.0,0.0,0.0,0.0
two_plausible_references,two_plausible_references-12,approx,1.0,0.0,0.0,0.0,0.0
two_plausible_references,two_plausible_references-12,hybrid,1.0,0.0,0.0,0.0,0.0
two_plausible_references,two_plausible_references-13,exact,1.0,0.0,0.0,0.0,0.0
two_plausible_references,two_plausible_references-13,approx,1.0,0.0,0.0,0.0,0.0
two_plausible_references,two_plausible_references-13,hybrid,1.0,0.0,0.0,0.0,0.0
two_plausible_references,two_plausible_references-14,exact,1.0,0.0,0.0,0.0,0.0
two_plausible_references,two_plausible_references-14,approx,1.0,0.0,0.0,0.0,0.0
two_plausible_references,two_plausible_references-14,hybrid,1.0,0.0,0.0,0.0,0.0
two_plausible_references,two_plausible_references-15,exact,1.0,0.0,0.0,0.0,0.0
two_plausible_references,two_plausible_references-15,approx,1.0,0.0,0.0,0.0,0.0
two_plausible_references,two_plausible_references-15,hybrid,1.0,0.0,0.0,0.0,0.0
two_plausible_references,two_plausible_references-16,exact,1.0,0.0,0.0,0.0,0.0
two_plausible_references,two_plausible_references-16,approx,1.0,0.0,0.0,0.0,0.0
two_plausible_references,two_plausible_references-16,hybrid,1.0,0.0,0.0,0.0,0.0
two_plausible_references,two_plausible_references-17,exact,1.0,0.0,0.0,0.0,0.0
two_plausible_references,two_plausible_references-17,approx,1.0,0.0,0.0,0.0,0.0
two_plausible_references,two_plausible_references-17,hybrid,1.0,0.0,0.0,0.0,0.0
two_plausible_references,two_plausible_references-18,exact,1.0,0.0,0.0,0.0,0.0
two_plausible_references,two_plausible_references-18,approx,1.0,0.0,0.0,0.0,0.0
two_plausible_references,two_plausible_references-18,hybrid,1.0,0.0,0.0,0.0,0.0
two_plausible_references,two_plausible_references-19,exact,1.0,0.0,0.0,0.0,0.0
two_plausible_references,two_plausible_references-19,approx,1.0,0.0,0.0,0.0,0.0
two_plausible_references,two_plausible_references-19,hybrid,1.0,0.0,0.0,0.0,0.0
