baseline,router_seed,dataset,example_id,selected_chunks,facet_count,fusion_method,evidence_recall,precision,mrr
B4_fixed_semantic,0,2wikimultihopqa,001ad110086911ebbd5eac1f6bf848b6,benchmark://2wikimultihopqa/001ad110086911ebbd5eac1f6bf848b6#chunk=0|benchmark://2wikimultihopqa/001ad110086911ebbd5eac1f6bf848b6#chunk=24|benchmark://2wikimultihopqa/001ad110086911ebbd5eac1f6bf848b6#chunk=17|benchmark://2wikimultihopqa/001ad110086911ebbd5eac1f6bf848b6#chunk=33,5,reciprocal_rank,0.25,0.25,1.0
B4_type_rule,0,2wikimultihopqa,001ad110086911ebbd5eac1f6bf848b6,benchmark://2wikimultihopqa/001ad110086911ebbd5eac1f6bf848b6#chunk=0|benchmark://2wikimultihopqa/001ad110086911ebbd5eac1f6bf848b6#chunk=1|benchmark://2wikimultihopqa/001ad110086911ebbd5eac1f6bf848b6#chunk=10|benchmark://2wikimultihopqa/001ad110086911ebbd5eac1f6bf848b6#chunk=11,5,reciprocal_rank,0.5,0.5,1.0
B4_oracle_per_facet,0,2wikimultihopqa,001ad110086911ebbd5eac1f6bf848b6,benchmark://2wikimultihopqa/001ad110086911ebbd5eac1f6bf848b6#chunk=0|benchmark://2wikimultihopqa/001ad110086911ebbd5eac1f6bf848b6#chunk=1|benchmark://2wikimultihopqa/001ad110086911ebbd5eac1f6bf848b6#chunk=10|benchmark://2wikimultihopqa/001ad110086911ebbd5eac1f6bf848b6#chunk=11,5,reciprocal_rank,0.5,0.5,1.0
B4_learned_per_facet,1,2wikimultihopqa,001ad110086911ebbd5eac1f6bf848b6,benchmark://2wikimultihopqa/001ad110086911ebbd5eac1f6bf848b6#chunk=0|benchmark://2wikimultihopqa/001ad110086911ebbd5eac1f6bf848b6#chunk=15|benchmark://2wikimultihopqa/001ad110086911ebbd5eac1f6bf848b6#chunk=24|benchmark://2wikimultihopqa/001ad110086911ebbd5eac1f6bf848b6#chunk=33,5,reciprocal_rank,0.25,0.25,1.0
B4_learned_per_facet,7,2wikimultihopqa,001ad110086911ebbd5eac1f6bf848b6,benchmark://2wikimultihopqa/001ad110086911ebbd5eac1f6bf848b6#chunk=0|benchmark://2wikimultihopqa/001ad110086911ebbd5eac1f6bf848b6#chunk=15|benchmark://2wikimultihopqa/001ad110086911ebbd5eac1f6bf848b6#chunk=33|benchmark://2wikimultihopqa/001ad110086911ebbd5eac1f6bf848b6#chunk=29,5,reciprocal_rank,0.5,0.5,1.0
B4_learned_per_facet,21,2wikimultihopqa,001ad110086911ebbd5eac1f6bf848b6,benchmark://2wikimultihopqa/001ad110086911ebbd5eac1f6bf848b6#chunk=0|benchmark://2wikimultihopqa/001ad110086911ebbd5eac1f6bf848b6#chunk=1|benchmark://2wikimultihopqa/001ad110086911ebbd5eac1f6bf848b6#chunk=10|benchmark://2wikimultihopqa/001ad110086911ebbd5eac1f6bf848b6#chunk=11,5,reciprocal_rank,0.5,0.5,1.0
B4_learned_per_facet,42,2wikimultihopqa,001ad110086911ebbd5eac1f6bf848b6,benchmark://2wikimultihopqa/001ad110086911ebbd5eac1f6bf848b6#chunk=0|benchmark://2wikimultihopqa/001ad110086911ebbd5eac1f6bf848b6#chunk=1|benchmark://2wikimultihopqa/001ad110086911ebbd5eac1f6bf848b6#chunk=10|benchmark://2wikimultihopqa/001ad110086911ebbd5eac1f6bf848b6#chunk=11,5,reciprocal_rank,0.5,0.5,1.0
B4_learned_per_facet,87,2wikimultihopqa,001ad110086911ebbd5eac1f6bf848b6,benchmark://2wikimultihopqa/001ad110086911ebbd5eac1f6bf848b6#chunk=0|benchmark://2wikimultihopqa/001ad110086911ebbd5eac1f6bf848b6#chunk=15|benchmark://2wikimultihopqa/001ad110086911ebbd5eac1f6bf848b6#chunk=33|benchmark://2wikimultihopqa/001ad110086911ebbd5eac1f6bf848b6#chunk=29,5,reciprocal_rank,0.5,0.5,1.0
B4_fixed_semantic,0,2wikimultihopqa,00223e06084a11ebbd55ac1f6bf848b6,benchmark://2wikimultihopqa/00223e06084a11ebbd55ac1f6bf848b6#chunk=2|benchmark://2wikimultihopqa/00223e06084a11ebbd55ac1f6bf848b6#chunk=25|benchmark://2wikimultihopqa/00223e06084a11ebbd55ac1f6bf848b6#chunk=5|benchmark://2wikimultihopqa/00223e06084a11ebbd55ac1f6bf848b6#chunk=21,2,reciprocal_rank,0.125,0.25,0.3333333333333333
B4_type_rule,0,2wikimultihopqa,00223e06084a11ebbd55ac1f6bf848b6,benchmark://2wikimultihopqa/00223e06084a11ebbd55ac1f6bf848b6#chunk=5|benchmark://2wikimultihopqa/00223e06084a11ebbd55ac1f6bf848b6#chunk=0|benchmark://2wikimultihopqa/00223e06084a11ebbd55ac1f6bf848b6#chunk=12|benchmark://2wikimultihopqa/00223e06084a11ebbd55ac1f6bf848b6#chunk=1,2,reciprocal_rank,0.375,0.75,1.0
B4_oracle_per_facet,0,2wikimultihopqa,00223e06084a11ebbd55ac1f6bf848b6,benchmark://2wikimultihopqa/00223e06084a11ebbd55ac1f6bf848b6#chunk=0|benchmark://2wikimultihopqa/00223e06084a11ebbd55ac1f6bf848b6#chunk=5|benchmark://2wikimultihopqa/00223e06084a11ebbd55ac1f6bf848b6#chunk=1|benchmark://2wikimultihopqa/00223e06084a11ebbd55ac1f6bf848b6#chunk=12,2,reciprocal_rank,0.375,0.75,1.0
B4_learned_per_facet,1,2wikimultihopqa,00223e06084a11ebbd55ac1f6bf848b6,benchmark://2wikimultihopqa/00223e06084a11ebbd55ac1f6bf848b6#chunk=5|benchmark://2wikimultihopqa/00223e06084a11ebbd55ac1f6bf848b6#chunk=0|benchmark://2wikimultihopqa/00223e06084a11ebbd55ac1f6bf848b6#chunk=18|benchmark://2wikimultihopqa/00223e06084a11ebbd55ac1f6bf848b6#chunk=20,2,reciprocal_rank,0.25,0.5,1.0
B4_learned_per_facet,7,2wikimultihopqa,00223e06084a11ebbd55ac1f6bf848b6,benchmark://2wikimultihopqa/00223e06084a11ebbd55ac1f6bf848b6#chunk=5|benchmark://2wikimultihopqa/00223e06084a11ebbd55ac1f6bf848b6#chunk=0|benchmark://2wikimultihopqa/00223e06084a11ebbd55ac1f6bf848b6#chunk=18|benchmark://2wikimultihopqa/00223e06084a11ebbd55ac1f6bf848b6#chunk=20,2,reciprocal_rank,0.25,0.5,1.0
B4_learned_per_facet,21,2wikimultihopqa,00223e06084a11ebbd55ac1f6bf848b6,benchmark://2wikimultihopqa/00223e06084a11ebbd55ac1f6bf848b6#chunk=5|benchmark://2wikimultihopqa/00223e06084a11ebbd55ac1f6bf848b6#chunk=0|benchmark://2wikimultihopqa/00223e06084a11ebbd55ac1f6bf848b6#chunk=18|benchmark://2wikimultihopqa/00223e06084a11ebbd55ac1f6bf848b6#chunk=20,2,reciprocal_rank,0.25,0.5,1.0
B4_learned_per_facet,42,2wikimultihopqa,00223e06084a11ebbd55ac1f6bf848b6,benchmark://2wikimultihopqa/00223e06084a11ebbd55ac1f6bf848b6#chunk=5|benchmark://2wikimultihopqa/00223e06084a11ebbd55ac1f6bf848b6#chunk=0|benchmark://2wikimultihopqa/00223e06084a11ebbd55ac1f6bf848b6#chunk=18|benchmark://2wikimultihopqa/00223e06084a11ebbd55ac1f6bf848b6#chunk=20,2,reciprocal_rank,0.25,0.5,1.0
B4_learned_per_facet,87,2wikimultihopqa,00223e06084a11ebbd55ac1f6bf848b6,benchmark://2wikimultihopqa/00223e06084a11ebbd55ac1f6bf848b6#chunk=5|benchmark://2wikimultihopqa/00223e06084a11ebbd55ac1f6bf848b6#chunk=0|benchmark://2wikimultihopqa/00223e06084a11ebbd55ac1f6bf848b6#chunk=18|benchmark://2wikimultihopqa/00223e06084a11ebbd55ac1f6bf848b6#chunk=20,2,reciprocal_rank,0.25,0.5,1.0
B4_fixed_semantic,0,2wikimultihopqa,002f12240bde11eba7f7acde48001122,benchmark://2wikimultihopqa/002f12240bde11eba7f7acde48001122#chunk=10|benchmark://2wikimultihopqa/002f12240bde11eba7f7acde48001122#chunk=11|benchmark://2wikimultihopqa/002f12240bde11eba7f7acde48001122#chunk=18|benchmark://2wikimultihopqa/002f12240bde11eba7f7acde48001122#chunk=14,3,reciprocal_rank,0.6666666666666666,0.5,1.0
B4_type_rule,0,2wikimultihopqa,002f12240bde11eba7f7acde48001122,benchmark://2wikimultihopqa/002f12240bde11eba7f7acde48001122#chunk=10|benchmark://2wikimultihopqa/002f12240bde11eba7f7acde48001122#chunk=2|benchmark://2wikimultihopqa/002f12240bde11eba7f7acde48001122#chunk=23|benchmark://2wikimultihopqa/002f12240bde11eba7f7acde48001122#chunk=29,3,reciprocal_rank,0.3333333333333333,0.25,1.0
B4_oracle_per_facet,0,2wikimultihopqa,002f12240bde11eba7f7acde48001122,benchmark://2wikimultihopqa/002f12240bde11eba7f7acde48001122#chunk=10|benchmark://2wikimultihopqa/002f12240bde11eba7f7acde48001122#chunk=11|benchmark://2wikimultihopqa/002f12240bde11eba7f7acde48001122#chunk=18|benchmark://2wikimultihopqa/002f12240bde11eba7f7acde48001122#chunk=14,3,reciprocal_rank,0.6666666666666666,0.5,1.0
B4_learned_per_facet,1,2wikimultihopqa,002f12240bde11eba7f7acde48001122,benchmark://2wikimultihopqa/002f12240bde11eba7f7acde48001122#chunk=10|benchmark://2wikimultihopqa/002f12240bde11eba7f7acde48001122#chunk=30|benchmark://2wikimultihopqa/002f12240bde11eba7f7acde48001122#chunk=0|benchmark://2wikimultihopqa/002f12240bde11eba7f7acde48001122#chunk=12,3,reciprocal_rank,0.3333333333333333,0.25,1.0
B4_learned_per_facet,7,2wikimultihopqa,002f12240bde11eba7f7acde48001122,benchmark://2wikimultihopqa/002f12240bde11eba7f7acde48001122#chunk=10|benchmark://2wikimultihopqa/002f12240bde11eba7f7acde48001122#chunk=30|benchmark://2wikimultihopqa/002f12240bde11eba7f7acde48001122#chunk=0|benchmark://2wikimultihopqa/002f12240bde11eba7f7acde48001122#chunk=12,3,reciprocal_rank,0.3333333333333333,0.25,1.0
B4_learned_per_facet,21,2wikimultihopqa,002f12240bde11eba7f7acde48001122,benchmark://2wikimultihopqa/002f12240bde11eba7f7acde48001122#chunk=10|benchmark://2wikimultihopqa/002f12240bde11eba7f7acde48001122#chunk=0|benchmark://2wikimultihopqa/002f12240bde11eba7f7acde48001122#chunk=30|benchmark://2wikimultihopqa/002f12240bde11eba7f7acde48001122#chunk=9,3,reciprocal_rank,0.3333333333333333,0.25,1.0
B4_learned_per_facet,42,2wikimultihopqa,002f12240bde11eba7f7acde48001122,benchmark://2wikimultihopqa/002f12240bde11eba7f7acde48001122#chunk=10|benchmark://2wikimultihopqa/002f12240bde11eba7f7acde48001122#chunk=0|benchmark://2wikimultihopqa/002f12240bde11eba7f7acde48001122#chunk=30|benchmark://2wikimultihopqa/002f12240bde11eba7f7acde48001122#chunk=9,3,reciprocal_rank,0.3333333333333333,0.25,1.0
B4_learned_per_facet,87,2wikimultihopqa,002f12240bde11eba7f7acde48001122,benchmark://2wikimultihopqa/002f12240bde11eba7f7acde48001122#chunk=10|benchmark://2wikimultihopqa/002f12240bde11eba7f7acde48001122#chunk=30|benchmark://2wikimultihopqa/002f12240bde11eba7f7acde48001122#chunk=0|benchmark://2wikimultihopqa/002f12240bde11eba7f7acde48001122#chunk=12,3,reciprocal_rank,0.3333333333333333,0.25,1.0
B4_fixed_semantic,0,2wikimultihopqa,00310dc8094611ebbdaeac1f6bf848b6,benchmark://2wikimultihopqa/00310dc8094611ebbdaeac1f6bf848b6#chunk=2|benchmark://2wikimultihopqa/00310dc8094611ebbdaeac1f6bf848b6#chunk=3|benchmark://2wikimultihopqa/00310dc8094611ebbdaeac1f6bf848b6#chunk=8|benchmark://2wikimultihopqa/00310dc8094611ebbdaeac1f6bf848b6#chunk=15,2,reciprocal_rank,0.2,0.25,0.25
B4_type_rule,0,2wikimultihopqa,00310dc8094611ebbdaeac1f6bf848b6,benchmark://2wikimultihopqa/00310dc8094611ebbdaeac1f6bf848b6#chunk=3|benchmark://2wikimultihopqa/00310dc8094611ebbdaeac1f6bf848b6#chunk=8|benchmark://2wikimultihopqa/00310dc8094611ebbdaeac1f6bf848b6#chunk=15|benchmark://2wikimultihopqa/00310dc8094611ebbdaeac1f6bf848b6#chunk=9,2,reciprocal_rank,0.2,0.25,0.3333333333333333
B4_oracle_per_facet,0,2wikimultihopqa,00310dc8094611ebbdaeac1f6bf848b6,benchmark://2wikimultihopqa/00310dc8094611ebbdaeac1f6bf848b6#chunk=23|benchmark://2wikimultihopqa/00310dc8094611ebbdaeac1f6bf848b6#chunk=15|benchmark://2wikimultihopqa/00310dc8094611ebbdaeac1f6bf848b6#chunk=3|benchmark://2wikimultihopqa/00310dc8094611ebbdaeac1f6bf848b6#chunk=9,2,reciprocal_rank,0.4,0.5,1.0
B4_learned_per_facet,1,2wikimultihopqa,00310dc8094611ebbdaeac1f6bf848b6,benchmark://2wikimultihopqa/00310dc8094611ebbdaeac1f6bf848b6#chunk=23|benchmark://2wikimultihopqa/00310dc8094611ebbdaeac1f6bf848b6#chunk=15|benchmark://2wikimultihopqa/00310dc8094611ebbdaeac1f6bf848b6#chunk=3|benchmark://2wikimultihopqa/00310dc8094611ebbdaeac1f6bf848b6#chunk=9,2,reciprocal_rank,0.4,0.5,1.0
B4_learned_per_facet,7,2wikimultihopqa,00310dc8094611ebbdaeac1f6bf848b6,benchmark://2wikimultihopqa/00310dc8094611ebbdaeac1f6bf848b6#chunk=23|benchmark://2wikimultihopqa/00310dc8094611ebbdaeac1f6bf848b6#chunk=15|benchmark://2wikimultihopqa/00310dc8094611ebbdaeac1f6bf848b6#chunk=3|benchmark://2wikimultihopqa/00310dc8094611ebbdaeac1f6bf848b6#chunk=9,2,reciprocal_rank,0.4,0.5,1.0
B4_learned_per_facet,21,2wikimultihopqa,00310dc8094611ebbdaeac1f6bf848b6,benchmark://2wikimultihopqa/00310dc8094611ebbdaeac1f6bf848b6#chunk=23|benchmark://2wikimultihopqa/00310dc8094611ebbdaeac1f6bf848b6#chunk=15|benchmark://2wikimultihopqa/00310dc8094611ebbdaeac1f6bf848b6#chunk=3|benchmark://2wikimultihopqa/00310dc8094611ebbdaeac1f6bf848b6#chunk=9,2,reciprocal_rank,0.4,0.5,1.0
B4_learned_per_facet,42,2wikimultihopqa,00310dc8094611ebbdaeac1f6bf848b6,benchmark://2wikimultihopqa/00310dc8094611ebbdaeac1f6bf848b6#chunk=23|benchmark://2wikimultihopqa/00310dc8094611ebbdaeac1f6bf848b6#chunk=15|benchmark://2wikimultihopqa/00310dc8094611ebbdaeac1f6bf848b6#chunk=3|benchmark://2wikimultihopqa/00310dc8094611ebbdaeac1f6bf848b6#chunk=9,2,reciprocal_rank,0.4,0.5,1.0
B4_learned_per_facet,87,2wikimultihopqa,00310dc8094611ebbdaeac1f6bf848b6,benchmark://2wikimultihopqa/00310dc8094611ebbdaeac1f6bf848b6#chunk=23|benchmark://2wikimultihopqa/00310dc8094611ebbdaeac1f6bf848b6#chunk=15|benchmark://2wikimultihopqa/00310dc8094611ebbdaeac1f6bf848b6#chunk=3|benchmark://2wikimultihopqa/00310dc8094611ebbdaeac1f6bf848b6#chunk=9,2,reciprocal_rank,0.4,0.5,1.0
B4_fixed_semantic,0,2wikimultihopqa,005238da0bde11eba7f7acde48001122,benchmark://2wikimultihopqa/005238da0bde11eba7f7acde48001122#chunk=14|benchmark://2wikimultihopqa/005238da0bde11eba7f7acde48001122#chunk=39|benchmark://2wikimultihopqa/005238da0bde11eba7f7acde48001122#chunk=10|benchmark://2wikimultihopqa/005238da0bde11eba7f7acde48001122#chunk=20,2,reciprocal_rank,0.0,0.0,0.0
B4_type_rule,0,2wikimultihopqa,005238da0bde11eba7f7acde48001122,benchmark://2wikimultihopqa/005238da0bde11eba7f7acde48001122#chunk=14|benchmark://2wikimultihopqa/005238da0bde11eba7f7acde48001122#chunk=10|benchmark://2wikimultihopqa/005238da0bde11eba7f7acde48001122#chunk=42|benchmark://2wikimultihopqa/005238da0bde11eba7f7acde48001122#chunk=2,2,reciprocal_rank,0.0,0.0,0.0
B4_oracle_per_facet,0,2wikimultihopqa,005238da0bde11eba7f7acde48001122,benchmark://2wikimultihopqa/005238da0bde11eba7f7acde48001122#chunk=10|benchmark://2wikimultihopqa/005238da0bde11eba7f7acde48001122#chunk=2|benchmark://2wikimultihopqa/005238da0bde11eba7f7acde48001122#chunk=3|benchmark://2wikimultihopqa/005238da0bde11eba7f7acde48001122#chunk=39,2,reciprocal_rank,0.0,0.0,0.0
B4_learned_per_facet,1,2wikimultihopqa,005238da0bde11eba7f7acde48001122,benchmark://2wikimultihopqa/005238da0bde11eba7f7acde48001122#chunk=10|benchmark://2wikimultihopqa/005238da0bde11eba7f7acde48001122#chunk=2|benchmark://2wikimultihopqa/005238da0bde11eba7f7acde48001122#chunk=3|benchmark://2wikimultihopqa/005238da0bde11eba7f7acde48001122#chunk=39,2,reciprocal_rank,0.0,0.0,0.0
B4_learned_per_facet,7,2wikimultihopqa,005238da0bde11eba7f7acde48001122,benchmark://2wikimultihopqa/005238da0bde11eba7f7acde48001122#chunk=10|benchmark://2wikimultihopqa/005238da0bde11eba7f7acde48001122#chunk=2|benchmark://2wikimultihopqa/005238da0bde11eba7f7acde48001122#chunk=3|benchmark://2wikimultihopqa/005238da0bde11eba7f7acde48001122#chunk=39,2,reciprocal_rank,0.0,0.0,0.0
B4_learned_per_facet,21,2wikimultihopqa,005238da0bde11eba7f7acde48001122,benchmark://2wikimultihopqa/005238da0bde11eba7f7acde48001122#chunk=10|benchmark://2wikimultihopqa/005238da0bde11eba7f7acde48001122#chunk=2|benchmark://2wikimultihopqa/005238da0bde11eba7f7acde48001122#chunk=3|benchmark://2wikimultihopqa/005238da0bde11eba7f7acde48001122#chunk=39,2,reciprocal_rank,0.0,0.0,0.0
B4_learned_per_facet,42,2wikimultihopqa,005238da0bde11eba7f7acde48001122,benchmark://2wikimultihopqa/005238da0bde11eba7f7acde48001122#chunk=10|benchmark://2wikimultihopqa/005238da0bde11eba7f7acde48001122#chunk=2|benchmark://2wikimultihopqa/005238da0bde11eba7f7acde48001122#chunk=3|benchmark://2wikimultihopqa/005238da0bde11eba7f7acde48001122#chunk=39,2,reciprocal_rank,0.0,0.0,0.0
B4_learned_per_facet,87,2wikimultihopqa,005238da0bde11eba7f7acde48001122,benchmark://2wikimultihopqa/005238da0bde11eba7f7acde48001122#chunk=10|benchmark://2wikimultihopqa/005238da0bde11eba7f7acde48001122#chunk=2|benchmark://2wikimultihopqa/005238da0bde11eba7f7acde48001122#chunk=3|benchmark://2wikimultihopqa/005238da0bde11eba7f7acde48001122#chunk=39,2,reciprocal_rank,0.0,0.0,0.0
B4_fixed_semantic,0,2wikimultihopqa,008af56e0bdc11eba7f7acde48001122,benchmark://2wikimultihopqa/008af56e0bdc11eba7f7acde48001122#chunk=41|benchmark://2wikimultihopqa/008af56e0bdc11eba7f7acde48001122#chunk=13|benchmark://2wikimultihopqa/008af56e0bdc11eba7f7acde48001122#chunk=17|benchmark://2wikimultihopqa/008af56e0bdc11eba7f7acde48001122#chunk=8,4,reciprocal_rank,0.0,0.0,0.0
B4_type_rule,0,2wikimultihopqa,008af56e0bdc11eba7f7acde48001122,benchmark://2wikimultihopqa/008af56e0bdc11eba7f7acde48001122#chunk=0|benchmark://2wikimultihopqa/008af56e0bdc11eba7f7acde48001122#chunk=1|benchmark://2wikimultihopqa/008af56e0bdc11eba7f7acde48001122#chunk=10|benchmark://2wikimultihopqa/008af56e0bdc11eba7f7acde48001122#chunk=11,4,reciprocal_rank,0.0,0.0,0.0
B4_oracle_per_facet,0,2wikimultihopqa,008af56e0bdc11eba7f7acde48001122,benchmark://2wikimultihopqa/008af56e0bdc11eba7f7acde48001122#chunk=0|benchmark://2wikimultihopqa/008af56e0bdc11eba7f7acde48001122#chunk=1|benchmark://2wikimultihopqa/008af56e0bdc11eba7f7acde48001122#chunk=10|benchmark://2wikimultihopqa/008af56e0bdc11eba7f7acde48001122#chunk=11,4,reciprocal_rank,0.0,0.0,0.0
B4_learned_per_facet,1,2wikimultihopqa,008af56e0bdc11eba7f7acde48001122,benchmark://2wikimultihopqa/008af56e0bdc11eba7f7acde48001122#chunk=31|benchmark://2wikimultihopqa/008af56e0bdc11eba7f7acde48001122#chunk=3|benchmark://2wikimultihopqa/008af56e0bdc11eba7f7acde48001122#chunk=41|benchmark://2wikimultihopqa/008af56e0bdc11eba7f7acde48001122#chunk=13,4,reciprocal_rank,0.0,0.0,0.0
B4_learned_per_facet,7,2wikimultihopqa,008af56e0bdc11eba7f7acde48001122,benchmark://2wikimultihopqa/008af56e0bdc11eba7f7acde48001122#chunk=31|benchmark://2wikimultihopqa/008af56e0bdc11eba7f7acde48001122#chunk=3|benchmark://2wikimultihopqa/008af56e0bdc11eba7f7acde48001122#chunk=41|benchmark://2wikimultihopqa/008af56e0bdc11eba7f7acde48001122#chunk=13,4,reciprocal_rank,0.0,0.0,0.0
B4_learned_per_facet,21,2wikimultihopqa,008af56e0bdc11eba7f7acde48001122,benchmark://2wikimultihopqa/008af56e0bdc11eba7f7acde48001122#chunk=1|benchmark://2wikimultihopqa/008af56e0bdc11eba7f7acde48001122#chunk=0|benchmark://2wikimultihopqa/008af56e0bdc11eba7f7acde48001122#chunk=31|benchmark://2wikimultihopqa/008af56e0bdc11eba7f7acde48001122#chunk=3,4,reciprocal_rank,0.0,0.0,0.0
B4_learned_per_facet,42,2wikimultihopqa,008af56e0bdc11eba7f7acde48001122,benchmark://2wikimultihopqa/008af56e0bdc11eba7f7acde48001122#chunk=1|benchmark://2wikimultihopqa/008af56e0bdc11eba7f7acde48001122#chunk=0|benchmark://2wikimultihopqa/008af56e0bdc11eba7f7acde48001122#chunk=31|benchmark://2wikimultihopqa/008af56e0bdc11eba7f7acde48001122#chunk=3,4,reciprocal_rank,0.0,0.0,0.0
B4_learned_per_facet,87,2wikimultihopqa,008af56e0bdc11eba7f7acde48001122,benchmark://2wikimultihopqa/008af56e0bdc11eba7f7acde48001122#chunk=31|benchmark://2wikimultihopqa/008af56e0bdc11eba7f7acde48001122#chunk=3|benchmark://2wikimultihopqa/008af56e0bdc11eba7f7acde48001122#chunk=41|benchmark://2wikimultihopqa/008af56e0bdc11eba7f7acde48001122#chunk=13,4,reciprocal_rank,0.0,0.0,0.0
B4_fixed_semantic,0,2wikimultihopqa,008b58060baf11ebab90acde48001122,benchmark://2wikimultihopqa/008b58060baf11ebab90acde48001122#chunk=17|benchmark://2wikimultihopqa/008b58060baf11ebab90acde48001122#chunk=6|benchmark://2wikimultihopqa/008b58060baf11ebab90acde48001122#chunk=26|benchmark://2wikimultihopqa/008b58060baf11ebab90acde48001122#chunk=33,2,reciprocal_rank,0.0,0.0,0.0
B4_type_rule,0,2wikimultihopqa,008b58060baf11ebab90acde48001122,benchmark://2wikimultihopqa/008b58060baf11ebab90acde48001122#chunk=6|benchmark://2wikimultihopqa/008b58060baf11ebab90acde48001122#chunk=26|benchmark://2wikimultihopqa/008b58060baf11ebab90acde48001122#chunk=7|benchmark://2wikimultihopqa/008b58060baf11ebab90acde48001122#chunk=33,2,reciprocal_rank,0.5,0.25,0.3333333333333333
B4_oracle_per_facet,0,2wikimultihopqa,008b58060baf11ebab90acde48001122,benchmark://2wikimultihopqa/008b58060baf11ebab90acde48001122#chunk=6|benchmark://2wikimultihopqa/008b58060baf11ebab90acde48001122#chunk=7|benchmark://2wikimultihopqa/008b58060baf11ebab90acde48001122#chunk=26|benchmark://2wikimultihopqa/008b58060baf11ebab90acde48001122#chunk=33,2,reciprocal_rank,0.5,0.25,0.5
B4_learned_per_facet,1,2wikimultihopqa,008b58060baf11ebab90acde48001122,benchmark://2wikimultihopqa/008b58060baf11ebab90acde48001122#chunk=6|benchmark://2wikimultihopqa/008b58060baf11ebab90acde48001122#chunk=7|benchmark://2wikimultihopqa/008b58060baf11ebab90acde48001122#chunk=26|benchmark://2wikimultihopqa/008b58060baf11ebab90acde48001122#chunk=33,2,reciprocal_rank,0.5,0.25,0.5
B4_learned_per_facet,7,2wikimultihopqa,008b58060baf11ebab90acde48001122,benchmark://2wikimultihopqa/008b58060baf11ebab90acde48001122#chunk=6|benchmark://2wikimultihopqa/008b58060baf11ebab90acde48001122#chunk=7|benchmark://2wikimultihopqa/008b58060baf11ebab90acde48001122#chunk=26|benchmark://2wikimultihopqa/008b58060baf11ebab90acde48001122#chunk=33,2,reciprocal_rank,0.5,0.25,0.5
B4_learned_per_facet,21,2wikimultihopqa,008b58060baf11ebab90acde48001122,benchmark://2wikimultihopqa/008b58060baf11ebab90acde48001122#chunk=6|benchmark://2wikimultihopqa/008b58060baf11ebab90acde48001122#chunk=7|benchmark://2wikimultihopqa/008b58060baf11ebab90acde48001122#chunk=26|benchmark://2wikimultihopqa/008b58060baf11ebab90acde48001122#chunk=33,2,reciprocal_rank,0.5,0.25,0.5
B4_learned_per_facet,42,2wikimultihopqa,008b58060baf11ebab90acde48001122,benchmark://2wikimultihopqa/008b58060baf11ebab90acde48001122#chunk=6|benchmark://2wikimultihopqa/008b58060baf11ebab90acde48001122#chunk=7|benchmark://2wikimultihopqa/008b58060baf11ebab90acde48001122#chunk=26|benchmark://2wikimultihopqa/008b58060baf11ebab90acde48001122#chunk=33,2,reciprocal_rank,0.5,0.25,0.5
B4_learned_per_facet,87,2wikimultihopqa,008b58060baf11ebab90acde48001122,benchmark://2wikimultihopqa/008b58060baf11ebab90acde48001122#chunk=6|benchmark://2wikimultihopqa/008b58060baf11ebab90acde48001122#chunk=7|benchmark://2wikimultihopqa/008b58060baf11ebab90acde48001122#chunk=26|benchmark://2wikimultihopqa/008b58060baf11ebab90acde48001122#chunk=33,2,reciprocal_rank,0.5,0.25,0.5
B4_fixed_semantic,0,2wikimultihopqa,00a6129c085611ebbd59ac1f6bf848b6,benchmark://2wikimultihopqa/00a6129c085611ebbd59ac1f6bf848b6#chunk=3|benchmark://2wikimultihopqa/00a6129c085611ebbd59ac1f6bf848b6#chunk=16|benchmark://2wikimultihopqa/00a6129c085611ebbd59ac1f6bf848b6#chunk=4|benchmark://2wikimultihopqa/00a6129c085611ebbd59ac1f6bf848b6#chunk=15,5,reciprocal_rank,0.0,0.0,0.0
B4_type_rule,0,2wikimultihopqa,00a6129c085611ebbd59ac1f6bf848b6,benchmark://2wikimultihopqa/00a6129c085611ebbd59ac1f6bf848b6#chunk=0|benchmark://2wikimultihopqa/00a6129c085611ebbd59ac1f6bf848b6#chunk=16|benchmark://2wikimultihopqa/00a6129c085611ebbd59ac1f6bf848b6#chunk=3|benchmark://2wikimultihopqa/00a6129c085611ebbd59ac1f6bf848b6#chunk=1,5,reciprocal_rank,0.25,0.5,1.0
B4_oracle_per_facet,0,2wikimultihopqa,00a6129c085611ebbd59ac1f6bf848b6,benchmark://2wikimultihopqa/00a6129c085611ebbd59ac1f6bf848b6#chunk=0|benchmark://2wikimultihopqa/00a6129c085611ebbd59ac1f6bf848b6#chunk=1|benchmark://2wikimultihopqa/00a6129c085611ebbd59ac1f6bf848b6#chunk=10|benchmark://2wikimultihopqa/00a6129c085611ebbd59ac1f6bf848b6#chunk=11,5,reciprocal_rank,0.25,0.5,1.0
B4_learned_per_facet,1,2wikimultihopqa,00a6129c085611ebbd59ac1f6bf848b6,benchmark://2wikimultihopqa/00a6129c085611ebbd59ac1f6bf848b6#chunk=0|benchmark://2wikimultihopqa/00a6129c085611ebbd59ac1f6bf848b6#chunk=3|benchmark://2wikimultihopqa/00a6129c085611ebbd59ac1f6bf848b6#chunk=16|benchmark://2wikimultihopqa/00a6129c085611ebbd59ac1f6bf848b6#chunk=28,5,reciprocal_rank,0.125,0.25,1.0
B4_learned_per_facet,7,2wikimultihopqa,00a6129c085611ebbd59ac1f6bf848b6,benchmark://2wikimultihopqa/00a6129c085611ebbd59ac1f6bf848b6#chunk=3|benchmark://2wikimultihopqa/00a6129c085611ebbd59ac1f6bf848b6#chunk=16|benchmark://2wikimultihopqa/00a6129c085611ebbd59ac1f6bf848b6#chunk=0|benchmark://2wikimultihopqa/00a6129c085611ebbd59ac1f6bf848b6#chunk=28,5,reciprocal_rank,0.125,0.25,0.3333333333333333
B4_learned_per_facet,21,2wikimultihopqa,00a6129c085611ebbd59ac1f6bf848b6,benchmark://2wikimultihopqa/00a6129c085611ebbd59ac1f6bf848b6#chunk=0|benchmark://2wikimultihopqa/00a6129c085611ebbd59ac1f6bf848b6#chunk=1|benchmark://2wikimultihopqa/00a6129c085611ebbd59ac1f6bf848b6#chunk=16|benchmark://2wikimultihopqa/00a6129c085611ebbd59ac1f6bf848b6#chunk=28,5,reciprocal_rank,0.25,0.5,1.0
B4_learned_per_facet,42,2wikimultihopqa,00a6129c085611ebbd59ac1f6bf848b6,benchmark://2wikimultihopqa/00a6129c085611ebbd59ac1f6bf848b6#chunk=0|benchmark://2wikimultihopqa/00a6129c085611ebbd59ac1f6bf848b6#chunk=1|benchmark://2wikimultihopqa/00a6129c085611ebbd59ac1f6bf848b6#chunk=16|benchmark://2wikimultihopqa/00a6129c085611ebbd59ac1f6bf848b6#chunk=28,5,reciprocal_rank,0.25,0.5,1.0
B4_learned_per_facet,87,2wikimultihopqa,00a6129c085611ebbd59ac1f6bf848b6,benchmark://2wikimultihopqa/00a6129c085611ebbd59ac1f6bf848b6#chunk=3|benchmark://2wikimultihopqa/00a6129c085611ebbd59ac1f6bf848b6#chunk=16|benchmark://2wikimultihopqa/00a6129c085611ebbd59ac1f6bf848b6#chunk=0|benchmark://2wikimultihopqa/00a6129c085611ebbd59ac1f6bf848b6#chunk=28,5,reciprocal_rank,0.125,0.25,0.3333333333333333
B4_fixed_semantic,0,2wikimultihopqa,01245b60088411ebbd6dac1f6bf848b6,benchmark://2wikimultihopqa/01245b60088411ebbd6dac1f6bf848b6#chunk=7|benchmark://2wikimultihopqa/01245b60088411ebbd6dac1f6bf848b6#chunk=8|benchmark://2wikimultihopqa/01245b60088411ebbd6dac1f6bf848b6#chunk=14|benchmark://2wikimultihopqa/01245b60088411ebbd6dac1f6bf848b6#chunk=11,4,reciprocal_rank,0.1111111111111111,0.25,0.3333333333333333
B4_type_rule,0,2wikimultihopqa,01245b60088411ebbd6dac1f6bf848b6,benchmark://2wikimultihopqa/01245b60088411ebbd6dac1f6bf848b6#chunk=17|benchmark://2wikimultihopqa/01245b60088411ebbd6dac1f6bf848b6#chunk=12|benchmark://2wikimultihopqa/01245b60088411ebbd6dac1f6bf848b6#chunk=32|benchmark://2wikimultihopqa/01245b60088411ebbd6dac1f6bf848b6#chunk=25,4,reciprocal_rank,0.2222222222222222,0.5,1.0
B4_oracle_per_facet,0,2wikimultihopqa,01245b60088411ebbd6dac1f6bf848b6,benchmark://2wikimultihopqa/01245b60088411ebbd6dac1f6bf848b6#chunk=12|benchmark://2wikimultihopqa/01245b60088411ebbd6dac1f6bf848b6#chunk=17|benchmark://2wikimultihopqa/01245b60088411ebbd6dac1f6bf848b6#chunk=32|benchmark://2wikimultihopqa/01245b60088411ebbd6dac1f6bf848b6#chunk=11,4,reciprocal_rank,0.2222222222222222,0.5,1.0
B4_learned_per_facet,1,2wikimultihopqa,01245b60088411ebbd6dac1f6bf848b6,benchmark://2wikimultihopqa/01245b60088411ebbd6dac1f6bf848b6#chunk=12|benchmark://2wikimultihopqa/01245b60088411ebbd6dac1f6bf848b6#chunk=17|benchmark://2wikimultihopqa/01245b60088411ebbd6dac1f6bf848b6#chunk=32|benchmark://2wikimultihopqa/01245b60088411ebbd6dac1f6bf848b6#chunk=11,4,reciprocal_rank,0.2222222222222222,0.5,1.0
B4_learned_per_facet,7,2wikimultihopqa,01245b60088411ebbd6dac1f6bf848b6,benchmark://2wikimultihopqa/01245b60088411ebbd6dac1f6bf848b6#chunk=12|benchmark://2wikimultihopqa/01245b60088411ebbd6dac1f6bf848b6#chunk=17|benchmark://2wikimultihopqa/01245b60088411ebbd6dac1f6bf848b6#chunk=32|benchmark://2wikimultihopqa/01245b60088411ebbd6dac1f6bf848b6#chunk=40,4,reciprocal_rank,0.2222222222222222,0.5,1.0
B4_learned_per_facet,21,2wikimultihopqa,01245b60088411ebbd6dac1f6bf848b6,benchmark://2wikimultihopqa/01245b60088411ebbd6dac1f6bf848b6#chunk=11|benchmark://2wikimultihopqa/01245b60088411ebbd6dac1f6bf848b6#chunk=12|benchmark://2wikimultihopqa/01245b60088411ebbd6dac1f6bf848b6#chunk=17|benchmark://2wikimultihopqa/01245b60088411ebbd6dac1f6bf848b6#chunk=32,4,reciprocal_rank,0.2222222222222222,0.5,0.5
B4_learned_per_facet,42,2wikimultihopqa,01245b60088411ebbd6dac1f6bf848b6,benchmark://2wikimultihopqa/01245b60088411ebbd6dac1f6bf848b6#chunk=11|benchmark://2wikimultihopqa/01245b60088411ebbd6dac1f6bf848b6#chunk=12|benchmark://2wikimultihopqa/01245b60088411ebbd6dac1f6bf848b6#chunk=17|benchmark://2wikimultihopqa/01245b60088411ebbd6dac1f6bf848b6#chunk=32,4,reciprocal_rank,0.2222222222222222,0.5,0.5
B4_learned_per_facet,87,2wikimultihopqa,01245b60088411ebbd6dac1f6bf848b6,benchmark://2wikimultihopqa/01245b60088411ebbd6dac1f6bf848b6#chunk=12|benchmark://2wikimultihopqa/01245b60088411ebbd6dac1f6bf848b6#chunk=17|benchmark://2wikimultihopqa/01245b60088411ebbd6dac1f6bf848b6#chunk=32|benchmark://2wikimultihopqa/01245b60088411ebbd6dac1f6bf848b6#chunk=11,4,reciprocal_rank,0.2222222222222222,0.5,1.0
B4_fixed_semantic,0,2wikimultihopqa,0360770a0baf11ebab90acde48001122,benchmark://2wikimultihopqa/0360770a0baf11ebab90acde48001122#chunk=8|benchmark://2wikimultihopqa/0360770a0baf11ebab90acde48001122#chunk=24|benchmark://2wikimultihopqa/0360770a0baf11ebab90acde48001122#chunk=37|benchmark://2wikimultihopqa/0360770a0baf11ebab90acde48001122#chunk=0,3,reciprocal_rank,0.16666666666666666,0.25,0.3333333333333333
B4_type_rule,0,2wikimultihopqa,0360770a0baf11ebab90acde48001122,benchmark://2wikimultihopqa/0360770a0baf11ebab90acde48001122#chunk=0|benchmark://2wikimultihopqa/0360770a0baf11ebab90acde48001122#chunk=8|benchmark://2wikimultihopqa/0360770a0baf11ebab90acde48001122#chunk=11|benchmark://2wikimultihopqa/0360770a0baf11ebab90acde48001122#chunk=1,3,reciprocal_rank,0.0,0.0,0.0
B4_oracle_per_facet,0,2wikimultihopqa,0360770a0baf11ebab90acde48001122,benchmark://2wikimultihopqa/0360770a0baf11ebab90acde48001122#chunk=0|benchmark://2wikimultihopqa/0360770a0baf11ebab90acde48001122#chunk=31|benchmark://2wikimultihopqa/0360770a0baf11ebab90acde48001122#chunk=3|benchmark://2wikimultihopqa/0360770a0baf11ebab90acde48001122#chunk=35,3,reciprocal_rank,0.3333333333333333,0.5,0.3333333333333333
B4_learned_per_facet,1,2wikimultihopqa,0360770a0baf11ebab90acde48001122,benchmark://2wikimultihopqa/0360770a0baf11ebab90acde48001122#chunk=0|benchmark://2wikimultihopqa/0360770a0baf11ebab90acde48001122#chunk=31|benchmark://2wikimultihopqa/0360770a0baf11ebab90acde48001122#chunk=3|benchmark://2wikimultihopqa/0360770a0baf11ebab90acde48001122#chunk=35,3,reciprocal_rank,0.3333333333333333,0.5,0.3333333333333333
B4_learned_per_facet,7,2wikimultihopqa,0360770a0baf11ebab90acde48001122,benchmark://2wikimultihopqa/0360770a0baf11ebab90acde48001122#chunk=0|benchmark://2wikimultihopqa/0360770a0baf11ebab90acde48001122#chunk=31|benchmark://2wikimultihopqa/0360770a0baf11ebab90acde48001122#chunk=3|benchmark://2wikimultihopqa/0360770a0baf11ebab90acde48001122#chunk=35,3,reciprocal_rank,0.3333333333333333,0.5,0.3333333333333333
B4_learned_per_facet,21,2wikimultihopqa,0360770a0baf11ebab90acde48001122,benchmark://2wikimultihopqa/0360770a0baf11ebab90acde48001122#chunk=0|benchmark://2wikimultihopqa/0360770a0baf11ebab90acde48001122#chunk=31|benchmark://2wikimultihopqa/0360770a0baf11ebab90acde48001122#chunk=35|benchmark://2wikimultihopqa/0360770a0baf11ebab90acde48001122#chunk=1,3,reciprocal_rank,0.16666666666666666,0.25,0.3333333333333333
B4_learned_per_facet,42,2wikimultihopqa,0360770a0baf11ebab90acde48001122,benchmark://2wikimultihopqa/0360770a0baf11ebab90acde48001122#chunk=0|benchmark://2wikimultihopqa/0360770a0baf11ebab90acde48001122#chunk=31|benchmark://2wikimultihopqa/0360770a0baf11ebab90acde48001122#chunk=35|benchmark://2wikimultihopqa/0360770a0baf11ebab90acde48001122#chunk=1,3,reciprocal_rank,0.16666666666666666,0.25,0.3333333333333333
B4_learned_per_facet,87,2wikimultihopqa,0360770a0baf11ebab90acde48001122,benchmark://2wikimultihopqa/0360770a0baf11ebab90acde48001122#chunk=0|benchmark://2wikimultihopqa/0360770a0baf11ebab90acde48001122#chunk=31|benchmark://2wikimultihopqa/0360770a0baf11ebab90acde48001122#chunk=3|benchmark://2wikimultihopqa/0360770a0baf11ebab90acde48001122#chunk=35,3,reciprocal_rank,0.3333333333333333,0.5,0.3333333333333333
B4_fixed_semantic,0,hotpotqa,5a714b645542994082a3e78b,benchmark://hotpotqa/5a714b645542994082a3e78b#chunk=36|benchmark://hotpotqa/5a714b645542994082a3e78b#chunk=12|benchmark://hotpotqa/5a714b645542994082a3e78b#chunk=32|benchmark://hotpotqa/5a714b645542994082a3e78b#chunk=14,2,reciprocal_rank,0.4,0.5,0.3333333333333333
B4_type_rule,0,hotpotqa,5a714b645542994082a3e78b,benchmark://hotpotqa/5a714b645542994082a3e78b#chunk=32|benchmark://hotpotqa/5a714b645542994082a3e78b#chunk=16|benchmark://hotpotqa/5a714b645542994082a3e78b#chunk=5|benchmark://hotpotqa/5a714b645542994082a3e78b#chunk=3,2,reciprocal_rank,0.2,0.25,1.0
B4_oracle_per_facet,0,hotpotqa,5a714b645542994082a3e78b,benchmark://hotpotqa/5a714b645542994082a3e78b#chunk=36|benchmark://hotpotqa/5a714b645542994082a3e78b#chunk=12|benchmark://hotpotqa/5a714b645542994082a3e78b#chunk=32|benchmark://hotpotqa/5a714b645542994082a3e78b#chunk=14,2,reciprocal_rank,0.4,0.5,0.3333333333333333
B4_learned_per_facet,1,hotpotqa,5a714b645542994082a3e78b,benchmark://hotpotqa/5a714b645542994082a3e78b#chunk=11|benchmark://hotpotqa/5a714b645542994082a3e78b#chunk=33|benchmark://hotpotqa/5a714b645542994082a3e78b#chunk=34|benchmark://hotpotqa/5a714b645542994082a3e78b#chunk=21,2,reciprocal_rank,0.2,0.25,0.5
B4_learned_per_facet,7,hotpotqa,5a714b645542994082a3e78b,benchmark://hotpotqa/5a714b645542994082a3e78b#chunk=11|benchmark://hotpotqa/5a714b645542994082a3e78b#chunk=33|benchmark://hotpotqa/5a714b645542994082a3e78b#chunk=34|benchmark://hotpotqa/5a714b645542994082a3e78b#chunk=21,2,reciprocal_rank,0.2,0.25,0.5
B4_learned_per_facet,21,hotpotqa,5a714b645542994082a3e78b,benchmark://hotpotqa/5a714b645542994082a3e78b#chunk=11|benchmark://hotpotqa/5a714b645542994082a3e78b#chunk=33|benchmark://hotpotqa/5a714b645542994082a3e78b#chunk=34|benchmark://hotpotqa/5a714b645542994082a3e78b#chunk=21,2,reciprocal_rank,0.2,0.25,0.5
B4_learned_per_facet,42,hotpotqa,5a714b645542994082a3e78b,benchmark://hotpotqa/5a714b645542994082a3e78b#chunk=11|benchmark://hotpotqa/5a714b645542994082a3e78b#chunk=33|benchmark://hotpotqa/5a714b645542994082a3e78b#chunk=34|benchmark://hotpotqa/5a714b645542994082a3e78b#chunk=21,2,reciprocal_rank,0.2,0.25,0.5
B4_learned_per_facet,87,hotpotqa,5a714b645542994082a3e78b,benchmark://hotpotqa/5a714b645542994082a3e78b#chunk=11|benchmark://hotpotqa/5a714b645542994082a3e78b#chunk=33|benchmark://hotpotqa/5a714b645542994082a3e78b#chunk=34|benchmark://hotpotqa/5a714b645542994082a3e78b#chunk=21,2,reciprocal_rank,0.2,0.25,0.5
B4_fixed_semantic,0,hotpotqa,5a84c4bb5542991dd0999dec,benchmark://hotpotqa/5a84c4bb5542991dd0999dec#chunk=44|benchmark://hotpotqa/5a84c4bb5542991dd0999dec#chunk=6|benchmark://hotpotqa/5a84c4bb5542991dd0999dec#chunk=22|benchmark://hotpotqa/5a84c4bb5542991dd0999dec#chunk=7,3,reciprocal_rank,0.2857142857142857,0.5,1.0
B4_type_rule,0,hotpotqa,5a84c4bb5542991dd0999dec,benchmark://hotpotqa/5a84c4bb5542991dd0999dec#chunk=44|benchmark://hotpotqa/5a84c4bb5542991dd0999dec#chunk=22|benchmark://hotpotqa/5a84c4bb5542991dd0999dec#chunk=43|benchmark://hotpotqa/5a84c4bb5542991dd0999dec#chunk=0,3,reciprocal_rank,0.2857142857142857,0.5,1.0
B4_oracle_per_facet,0,hotpotqa,5a84c4bb5542991dd0999dec,benchmark://hotpotqa/5a84c4bb5542991dd0999dec#chunk=43|benchmark://hotpotqa/5a84c4bb5542991dd0999dec#chunk=44|benchmark://hotpotqa/5a84c4bb5542991dd0999dec#chunk=31|benchmark://hotpotqa/5a84c4bb5542991dd0999dec#chunk=22,3,reciprocal_rank,0.2857142857142857,0.5,1.0
B4_learned_per_facet,1,hotpotqa,5a84c4bb5542991dd0999dec,benchmark://hotpotqa/5a84c4bb5542991dd0999dec#chunk=44|benchmark://hotpotqa/5a84c4bb5542991dd0999dec#chunk=27|benchmark://hotpotqa/5a84c4bb5542991dd0999dec#chunk=31|benchmark://hotpotqa/5a84c4bb5542991dd0999dec#chunk=38,3,reciprocal_rank,0.14285714285714285,0.25,1.0
B4_learned_per_facet,7,hotpotqa,5a84c4bb5542991dd0999dec,benchmark://hotpotqa/5a84c4bb5542991dd0999dec#chunk=44|benchmark://hotpotqa/5a84c4bb5542991dd0999dec#chunk=27|benchmark://hotpotqa/5a84c4bb5542991dd0999dec#chunk=31|benchmark://hotpotqa/5a84c4bb5542991dd0999dec#chunk=38,3,reciprocal_rank,0.14285714285714285,0.25,1.0
B4_learned_per_facet,21,hotpotqa,5a84c4bb5542991dd0999dec,benchmark://hotpotqa/5a84c4bb5542991dd0999dec#chunk=44|benchmark://hotpotqa/5a84c4bb5542991dd0999dec#chunk=43|benchmark://hotpotqa/5a84c4bb5542991dd0999dec#chunk=27|benchmark://hotpotqa/5a84c4bb5542991dd0999dec#chunk=31,3,reciprocal_rank,0.2857142857142857,0.5,1.0
B4_learned_per_facet,42,hotpotqa,5a84c4bb5542991dd0999dec,benchmark://hotpotqa/5a84c4bb5542991dd0999dec#chunk=44|benchmark://hotpotqa/5a84c4bb5542991dd0999dec#chunk=43|benchmark://hotpotqa/5a84c4bb5542991dd0999dec#chunk=27|benchmark://hotpotqa/5a84c4bb5542991dd0999dec#chunk=31,3,reciprocal_rank,0.2857142857142857,0.5,1.0
B4_learned_per_facet,87,hotpotqa,5a84c4bb5542991dd0999dec,benchmark://hotpotqa/5a84c4bb5542991dd0999dec#chunk=44|benchmark://hotpotqa/5a84c4bb5542991dd0999dec#chunk=27|benchmark://hotpotqa/5a84c4bb5542991dd0999dec#chunk=31|benchmark://hotpotqa/5a84c4bb5542991dd0999dec#chunk=38,3,reciprocal_rank,0.14285714285714285,0.25,1.0
B4_fixed_semantic,0,hotpotqa,5a8c8502554299585d9e36d0,benchmark://hotpotqa/5a8c8502554299585d9e36d0#chunk=38|benchmark://hotpotqa/5a8c8502554299585d9e36d0#chunk=32|benchmark://hotpotqa/5a8c8502554299585d9e36d0#chunk=48|benchmark://hotpotqa/5a8c8502554299585d9e36d0#chunk=33,4,reciprocal_rank,0.0,0.0,0.0
B4_type_rule,0,hotpotqa,5a8c8502554299585d9e36d0,benchmark://hotpotqa/5a8c8502554299585d9e36d0#chunk=0|benchmark://hotpotqa/5a8c8502554299585d9e36d0#chunk=32|benchmark://hotpotqa/5a8c8502554299585d9e36d0#chunk=1|benchmark://hotpotqa/5a8c8502554299585d9e36d0#chunk=39,4,reciprocal_rank,0.2,0.25,0.25
B4_oracle_per_facet,0,hotpotqa,5a8c8502554299585d9e36d0,benchmark://hotpotqa/5a8c8502554299585d9e36d0#chunk=40|benchmark://hotpotqa/5a8c8502554299585d9e36d0#chunk=32|benchmark://hotpotqa/5a8c8502554299585d9e36d0#chunk=0|benchmark://hotpotqa/5a8c8502554299585d9e36d0#chunk=21,4,reciprocal_rank,0.2,0.25,1.0
B4_learned_per_facet,1,hotpotqa,5a8c8502554299585d9e36d0,benchmark://hotpotqa/5a8c8502554299585d9e36d0#chunk=38|benchmark://hotpotqa/5a8c8502554299585d9e36d0#chunk=35|benchmark://hotpotqa/5a8c8502554299585d9e36d0#chunk=48|benchmark://hotpotqa/5a8c8502554299585d9e36d0#chunk=45,4,reciprocal_rank,0.2,0.25,0.5
B4_learned_per_facet,7,hotpotqa,5a8c8502554299585d9e36d0,benchmark://hotpotqa/5a8c8502554299585d9e36d0#chunk=38|benchmark://hotpotqa/5a8c8502554299585d9e36d0#chunk=35|benchmark://hotpotqa/5a8c8502554299585d9e36d0#chunk=48|benchmark://hotpotqa/5a8c8502554299585d9e36d0#chunk=45,4,reciprocal_rank,0.2,0.25,0.5
B4_learned_per_facet,21,hotpotqa,5a8c8502554299585d9e36d0,benchmark://hotpotqa/5a8c8502554299585d9e36d0#chunk=35|benchmark://hotpotqa/5a8c8502554299585d9e36d0#chunk=27|benchmark://hotpotqa/5a8c8502554299585d9e36d0#chunk=0|benchmark://hotpotqa/5a8c8502554299585d9e36d0#chunk=21,4,reciprocal_rank,0.2,0.25,1.0
B4_learned_per_facet,42,hotpotqa,5a8c8502554299585d9e36d0,benchmark://hotpotqa/5a8c8502554299585d9e36d0#chunk=35|benchmark://hotpotqa/5a8c8502554299585d9e36d0#chunk=27|benchmark://hotpotqa/5a8c8502554299585d9e36d0#chunk=0|benchmark://hotpotqa/5a8c8502554299585d9e36d0#chunk=21,4,reciprocal_rank,0.2,0.25,1.0
B4_learned_per_facet,87,hotpotqa,5a8c8502554299585d9e36d0,benchmark://hotpotqa/5a8c8502554299585d9e36d0#chunk=38|benchmark://hotpotqa/5a8c8502554299585d9e36d0#chunk=35|benchmark://hotpotqa/5a8c8502554299585d9e36d0#chunk=48|benchmark://hotpotqa/5a8c8502554299585d9e36d0#chunk=45,4,reciprocal_rank,0.2,0.25,0.5
B4_fixed_semantic,0,hotpotqa,5abbd4035542993f40c73bcb,benchmark://hotpotqa/5abbd4035542993f40c73bcb#chunk=20|benchmark://hotpotqa/5abbd4035542993f40c73bcb#chunk=44|benchmark://hotpotqa/5abbd4035542993f40c73bcb#chunk=4|benchmark://hotpotqa/5abbd4035542993f40c73bcb#chunk=21,4,reciprocal_rank,0.2857142857142857,0.5,1.0
B4_type_rule,0,hotpotqa,5abbd4035542993f40c73bcb,benchmark://hotpotqa/5abbd4035542993f40c73bcb#chunk=20|benchmark://hotpotqa/5abbd4035542993f40c73bcb#chunk=21|benchmark://hotpotqa/5abbd4035542993f40c73bcb#chunk=22|benchmark://hotpotqa/5abbd4035542993f40c73bcb#chunk=17,4,reciprocal_rank,0.42857142857142855,0.75,1.0
B4_oracle_per_facet,0,hotpotqa,5abbd4035542993f40c73bcb,benchmark://hotpotqa/5abbd4035542993f40c73bcb#chunk=20|benchmark://hotpotqa/5abbd4035542993f40c73bcb#chunk=21|benchmark://hotpotqa/5abbd4035542993f40c73bcb#chunk=23|benchmark://hotpotqa/5abbd4035542993f40c73bcb#chunk=8,4,reciprocal_rank,0.42857142857142855,0.75,1.0
B4_learned_per_facet,1,hotpotqa,5abbd4035542993f40c73bcb,benchmark://hotpotqa/5abbd4035542993f40c73bcb#chunk=21|benchmark://hotpotqa/5abbd4035542993f40c73bcb#chunk=20|benchmark://hotpotqa/5abbd4035542993f40c73bcb#chunk=15|benchmark://hotpotqa/5abbd4035542993f40c73bcb#chunk=8,4,reciprocal_rank,0.2857142857142857,0.5,1.0
B4_learned_per_facet,7,hotpotqa,5abbd4035542993f40c73bcb,benchmark://hotpotqa/5abbd4035542993f40c73bcb#chunk=20|benchmark://hotpotqa/5abbd4035542993f40c73bcb#chunk=21|benchmark://hotpotqa/5abbd4035542993f40c73bcb#chunk=15|benchmark://hotpotqa/5abbd4035542993f40c73bcb#chunk=0,4,reciprocal_rank,0.2857142857142857,0.5,1.0
B4_learned_per_facet,21,hotpotqa,5abbd4035542993f40c73bcb,benchmark://hotpotqa/5abbd4035542993f40c73bcb#chunk=21|benchmark://hotpotqa/5abbd4035542993f40c73bcb#chunk=20|benchmark://hotpotqa/5abbd4035542993f40c73bcb#chunk=15|benchmark://hotpotqa/5abbd4035542993f40c73bcb#chunk=23,4,reciprocal_rank,0.42857142857142855,0.75,1.0
B4_learned_per_facet,42,hotpotqa,5abbd4035542993f40c73bcb,benchmark://hotpotqa/5abbd4035542993f40c73bcb#chunk=21|benchmark://hotpotqa/5abbd4035542993f40c73bcb#chunk=20|benchmark://hotpotqa/5abbd4035542993f40c73bcb#chunk=15|benchmark://hotpotqa/5abbd4035542993f40c73bcb#chunk=8,4,reciprocal_rank,0.2857142857142857,0.5,1.0
B4_learned_per_facet,87,hotpotqa,5abbd4035542993f40c73bcb,benchmark://hotpotqa/5abbd4035542993f40c73bcb#chunk=21|benchmark://hotpotqa/5abbd4035542993f40c73bcb#chunk=20|benchmark://hotpotqa/5abbd4035542993f40c73bcb#chunk=15|benchmark://hotpotqa/5abbd4035542993f40c73bcb#chunk=23,4,reciprocal_rank,0.42857142857142855,0.75,1.0
B4_fixed_semantic,0,hotpotqa,5adc3aff5542996e685252eb,benchmark://hotpotqa/5adc3aff5542996e685252eb#chunk=4|benchmark://hotpotqa/5adc3aff5542996e685252eb#chunk=20|benchmark://hotpotqa/5adc3aff5542996e685252eb#chunk=35|benchmark://hotpotqa/5adc3aff5542996e685252eb#chunk=14,4,reciprocal_rank,0.0,0.0,0.0
B4_type_rule,0,hotpotqa,5adc3aff5542996e685252eb,benchmark://hotpotqa/5adc3aff5542996e685252eb#chunk=0|benchmark://hotpotqa/5adc3aff5542996e685252eb#chunk=35|benchmark://hotpotqa/5adc3aff5542996e685252eb#chunk=1|benchmark://hotpotqa/5adc3aff5542996e685252eb#chunk=36,4,reciprocal_rank,0.0,0.0,0.0
B4_oracle_per_facet,0,hotpotqa,5adc3aff5542996e685252eb,benchmark://hotpotqa/5adc3aff5542996e685252eb#chunk=0|benchmark://hotpotqa/5adc3aff5542996e685252eb#chunk=35|benchmark://hotpotqa/5adc3aff5542996e685252eb#chunk=1|benchmark://hotpotqa/5adc3aff5542996e685252eb#chunk=36,4,reciprocal_rank,0.0,0.0,0.0
B4_learned_per_facet,1,hotpotqa,5adc3aff5542996e685252eb,benchmark://hotpotqa/5adc3aff5542996e685252eb#chunk=35|benchmark://hotpotqa/5adc3aff5542996e685252eb#chunk=4|benchmark://hotpotqa/5adc3aff5542996e685252eb#chunk=31|benchmark://hotpotqa/5adc3aff5542996e685252eb#chunk=14,4,reciprocal_rank,0.0,0.0,0.0
B4_learned_per_facet,7,hotpotqa,5adc3aff5542996e685252eb,benchmark://hotpotqa/5adc3aff5542996e685252eb#chunk=35|benchmark://hotpotqa/5adc3aff5542996e685252eb#chunk=4|benchmark://hotpotqa/5adc3aff5542996e685252eb#chunk=31|benchmark://hotpotqa/5adc3aff5542996e685252eb#chunk=14,4,reciprocal_rank,0.0,0.0,0.0
B4_learned_per_facet,21,hotpotqa,5adc3aff5542996e685252eb,benchmark://hotpotqa/5adc3aff5542996e685252eb#chunk=0|benchmark://hotpotqa/5adc3aff5542996e685252eb#chunk=35|benchmark://hotpotqa/5adc3aff5542996e685252eb#chunk=1|benchmark://hotpotqa/5adc3aff5542996e685252eb#chunk=31,4,reciprocal_rank,0.0,0.0,0.0
B4_learned_per_facet,42,hotpotqa,5adc3aff5542996e685252eb,benchmark://hotpotqa/5adc3aff5542996e685252eb#chunk=0|benchmark://hotpotqa/5adc3aff5542996e685252eb#chunk=35|benchmark://hotpotqa/5adc3aff5542996e685252eb#chunk=1|benchmark://hotpotqa/5adc3aff5542996e685252eb#chunk=31,4,reciprocal_rank,0.0,0.0,0.0
B4_learned_per_facet,87,hotpotqa,5adc3aff5542996e685252eb,benchmark://hotpotqa/5adc3aff5542996e685252eb#chunk=35|benchmark://hotpotqa/5adc3aff5542996e685252eb#chunk=4|benchmark://hotpotqa/5adc3aff5542996e685252eb#chunk=31|benchmark://hotpotqa/5adc3aff5542996e685252eb#chunk=14,4,reciprocal_rank,0.0,0.0,0.0
B4_fixed_semantic,0,hotpotqa,5ae6143f5542996de7b71b2d,benchmark://hotpotqa/5ae6143f5542996de7b71b2d#chunk=19|benchmark://hotpotqa/5ae6143f5542996de7b71b2d#chunk=50|benchmark://hotpotqa/5ae6143f5542996de7b71b2d#chunk=3|benchmark://hotpotqa/5ae6143f5542996de7b71b2d#chunk=12,5,reciprocal_rank,0.0,0.0,0.0
B4_type_rule,0,hotpotqa,5ae6143f5542996de7b71b2d,benchmark://hotpotqa/5ae6143f5542996de7b71b2d#chunk=1|benchmark://hotpotqa/5ae6143f5542996de7b71b2d#chunk=0|benchmark://hotpotqa/5ae6143f5542996de7b71b2d#chunk=10|benchmark://hotpotqa/5ae6143f5542996de7b71b2d#chunk=11,5,reciprocal_rank,0.2,0.25,0.3333333333333333
B4_oracle_per_facet,0,hotpotqa,5ae6143f5542996de7b71b2d,benchmark://hotpotqa/5ae6143f5542996de7b71b2d#chunk=53|benchmark://hotpotqa/5ae6143f5542996de7b71b2d#chunk=32|benchmark://hotpotqa/5ae6143f5542996de7b71b2d#chunk=1|benchmark://hotpotqa/5ae6143f5542996de7b71b2d#chunk=6,5,reciprocal_rank,0.2,0.25,1.0
B4_learned_per_facet,1,hotpotqa,5ae6143f5542996de7b71b2d,benchmark://hotpotqa/5ae6143f5542996de7b71b2d#chunk=53|benchmark://hotpotqa/5ae6143f5542996de7b71b2d#chunk=32|benchmark://hotpotqa/5ae6143f5542996de7b71b2d#chunk=50|benchmark://hotpotqa/5ae6143f5542996de7b71b2d#chunk=6,5,reciprocal_rank,0.2,0.25,1.0
B4_learned_per_facet,7,hotpotqa,5ae6143f5542996de7b71b2d,benchmark://hotpotqa/5ae6143f5542996de7b71b2d#chunk=53|benchmark://hotpotqa/5ae6143f5542996de7b71b2d#chunk=32|benchmark://hotpotqa/5ae6143f5542996de7b71b2d#chunk=6|benchmark://hotpotqa/5ae6143f5542996de7b71b2d#chunk=3,5,reciprocal_rank,0.2,0.25,1.0
B4_learned_per_facet,21,hotpotqa,5ae6143f5542996de7b71b2d,benchmark://hotpotqa/5ae6143f5542996de7b71b2d#chunk=0|benchmark://hotpotqa/5ae6143f5542996de7b71b2d#chunk=1|benchmark://hotpotqa/5ae6143f5542996de7b71b2d#chunk=10|benchmark://hotpotqa/5ae6143f5542996de7b71b2d#chunk=53,5,reciprocal_rank,0.4,0.5,0.3333333333333333
B4_learned_per_facet,42,hotpotqa,5ae6143f5542996de7b71b2d,benchmark://hotpotqa/5ae6143f5542996de7b71b2d#chunk=0|benchmark://hotpotqa/5ae6143f5542996de7b71b2d#chunk=1|benchmark://hotpotqa/5ae6143f5542996de7b71b2d#chunk=10|benchmark://hotpotqa/5ae6143f5542996de7b71b2d#chunk=53,5,reciprocal_rank,0.4,0.5,0.3333333333333333
B4_learned_per_facet,87,hotpotqa,5ae6143f5542996de7b71b2d,benchmark://hotpotqa/5ae6143f5542996de7b71b2d#chunk=53|benchmark://hotpotqa/5ae6143f5542996de7b71b2d#chunk=32|benchmark://hotpotqa/5ae6143f5542996de7b71b2d#chunk=6|benchmark://hotpotqa/5ae6143f5542996de7b71b2d#chunk=3,5,reciprocal_rank,0.2,0.25,1.0
B4_fixed_semantic,0,musique,3hop1__102087_214799_259594,benchmark://musique/3hop1__102087_214799_259594#chunk=48|benchmark://musique/3hop1__102087_214799_259594#chunk=52|benchmark://musique/3hop1__102087_214799_259594#chunk=29|benchmark://musique/3hop1__102087_214799_259594#chunk=4,3,reciprocal_rank,0.1,0.25,0.25
B4_type_rule,0,musique,3hop1__102087_214799_259594,benchmark://musique/3hop1__102087_214799_259594#chunk=0|benchmark://musique/3hop1__102087_214799_259594#chunk=53|benchmark://musique/3hop1__102087_214799_259594#chunk=41|benchmark://musique/3hop1__102087_214799_259594#chunk=45,3,reciprocal_rank,0.1,0.25,1.0
B4_oracle_per_facet,0,musique,3hop1__102087_214799_259594,benchmark://musique/3hop1__102087_214799_259594#chunk=0|benchmark://musique/3hop1__102087_214799_259594#chunk=4|benchmark://musique/3hop1__102087_214799_259594#chunk=9|benchmark://musique/3hop1__102087_214799_259594#chunk=14,3,reciprocal_rank,0.3,0.75,1.0
B4_learned_per_facet,1,musique,3hop1__102087_214799_259594,benchmark://musique/3hop1__102087_214799_259594#chunk=0|benchmark://musique/3hop1__102087_214799_259594#chunk=14|benchmark://musique/3hop1__102087_214799_259594#chunk=18|benchmark://musique/3hop1__102087_214799_259594#chunk=43,3,reciprocal_rank,0.1,0.25,1.0
B4_learned_per_facet,7,musique,3hop1__102087_214799_259594,benchmark://musique/3hop1__102087_214799_259594#chunk=0|benchmark://musique/3hop1__102087_214799_259594#chunk=14|benchmark://musique/3hop1__102087_214799_259594#chunk=18|benchmark://musique/3hop1__102087_214799_259594#chunk=43,3,reciprocal_rank,0.1,0.25,1.0
B4_learned_per_facet,21,musique,3hop1__102087_214799_259594,benchmark://musique/3hop1__102087_214799_259594#chunk=0|benchmark://musique/3hop1__102087_214799_259594#chunk=14|benchmark://musique/3hop1__102087_214799_259594#chunk=18|benchmark://musique/3hop1__102087_214799_259594#chunk=43,3,reciprocal_rank,0.1,0.25,1.0
B4_learned_per_facet,42,musique,3hop1__102087_214799_259594,benchmark://musique/3hop1__102087_214799_259594#chunk=0|benchmark://musique/3hop1__102087_214799_259594#chunk=14|benchmark://musique/3hop1__102087_214799_259594#chunk=18|benchmark://musique/3hop1__102087_214799_259594#chunk=43,3,reciprocal_rank,0.1,0.25,1.0
B4_learned_per_facet,87,musique,3hop1__102087_214799_259594,benchmark://musique/3hop1__102087_214799_259594#chunk=0|benchmark://musique/3hop1__102087_214799_259594#chunk=14|benchmark://musique/3hop1__102087_214799_259594#chunk=18|benchmark://musique/3hop1__102087_214799_259594#chunk=43,3,reciprocal_rank,0.1,0.25,1.0
B4_fixed_semantic,0,musique,3hop1__103254_214799_259594,benchmark://musique/3hop1__103254_214799_259594#chunk=46|benchmark://musique/3hop1__103254_214799_259594#chunk=30|benchmark://musique/3hop1__103254_214799_259594#chunk=15|benchmark://musique/3hop1__103254_214799_259594#chunk=3,4,reciprocal_rank,0.18181818181818182,0.5,1.0
B4_type_rule,0,musique,3hop1__103254_214799_259594,benchmark://musique/3hop1__103254_214799_259594#chunk=0|benchmark://musique/3hop1__103254_214799_259594#chunk=48|benchmark://musique/3hop1__103254_214799_259594#chunk=1|benchmark://musique/3hop1__103254_214799_259594#chunk=18,4,reciprocal_rank,0.2727272727272727,0.75,0.5
B4_oracle_per_facet,0,musique,3hop1__103254_214799_259594,benchmark://musique/3hop1__103254_214799_259594#chunk=18|benchmark://musique/3hop1__103254_214799_259594#chunk=30|benchmark://musique/3hop1__103254_214799_259594#chunk=48|benchmark://musique/3hop1__103254_214799_259594#chunk=3,4,reciprocal_rank,0.2727272727272727,0.75,1.0
B4_learned_per_facet,1,musique,3hop1__103254_214799_259594,benchmark://musique/3hop1__103254_214799_259594#chunk=18|benchmark://musique/3hop1__103254_214799_259594#chunk=48|benchmark://musique/3hop1__103254_214799_259594#chunk=30|benchmark://musique/3hop1__103254_214799_259594#chunk=11,4,reciprocal_rank,0.18181818181818182,0.5,1.0
B4_learned_per_facet,7,musique,3hop1__103254_214799_259594,benchmark://musique/3hop1__103254_214799_259594#chunk=18|benchmark://musique/3hop1__103254_214799_259594#chunk=48|benchmark://musique/3hop1__103254_214799_259594#chunk=30|benchmark://musique/3hop1__103254_214799_259594#chunk=24,4,reciprocal_rank,0.18181818181818182,0.5,1.0
B4_learned_per_facet,21,musique,3hop1__103254_214799_259594,benchmark://musique/3hop1__103254_214799_259594#chunk=0|benchmark://musique/3hop1__103254_214799_259594#chunk=18|benchmark://musique/3hop1__103254_214799_259594#chunk=48|benchmark://musique/3hop1__103254_214799_259594#chunk=1,4,reciprocal_rank,0.2727272727272727,0.75,0.5
B4_learned_per_facet,42,musique,3hop1__103254_214799_259594,benchmark://musique/3hop1__103254_214799_259594#chunk=0|benchmark://musique/3hop1__103254_214799_259594#chunk=18|benchmark://musique/3hop1__103254_214799_259594#chunk=48|benchmark://musique/3hop1__103254_214799_259594#chunk=1,4,reciprocal_rank,0.2727272727272727,0.75,0.5
B4_learned_per_facet,87,musique,3hop1__103254_214799_259594,benchmark://musique/3hop1__103254_214799_259594#chunk=18|benchmark://musique/3hop1__103254_214799_259594#chunk=48|benchmark://musique/3hop1__103254_214799_259594#chunk=30|benchmark://musique/3hop1__103254_214799_259594#chunk=24,4,reciprocal_rank,0.18181818181818182,0.5,1.0
B4_fixed_semantic,0,musique,3hop2__11282_57233_56883,benchmark://musique/3hop2__11282_57233_56883#chunk=24|benchmark://musique/3hop2__11282_57233_56883#chunk=6|benchmark://musique/3hop2__11282_57233_56883#chunk=30|benchmark://musique/3hop2__11282_57233_56883#chunk=76,9,reciprocal_rank,0.1,0.25,0.25
B4_type_rule,0,musique,3hop2__11282_57233_56883,benchmark://musique/3hop2__11282_57233_56883#chunk=0|benchmark://musique/3hop2__11282_57233_56883#chunk=1|benchmark://musique/3hop2__11282_57233_56883#chunk=10|benchmark://musique/3hop2__11282_57233_56883#chunk=11,9,reciprocal_rank,0.0,0.0,0.0
B4_oracle_per_facet,0,musique,3hop2__11282_57233_56883,benchmark://musique/3hop2__11282_57233_56883#chunk=67|benchmark://musique/3hop2__11282_57233_56883#chunk=55|benchmark://musique/3hop2__11282_57233_56883#chunk=17|benchmark://musique/3hop2__11282_57233_56883#chunk=24,9,reciprocal_rank,0.2,0.5,1.0
B4_learned_per_facet,1,musique,3hop2__11282_57233_56883,benchmark://musique/3hop2__11282_57233_56883#chunk=55|benchmark://musique/3hop2__11282_57233_56883#chunk=35|benchmark://musique/3hop2__11282_57233_56883#chunk=67|benchmark://musique/3hop2__11282_57233_56883#chunk=22,9,reciprocal_rank,0.2,0.5,1.0
B4_learned_per_facet,7,musique,3hop2__11282_57233_56883,benchmark://musique/3hop2__11282_57233_56883#chunk=55|benchmark://musique/3hop2__11282_57233_56883#chunk=35|benchmark://musique/3hop2__11282_57233_56883#chunk=67|benchmark://musique/3hop2__11282_57233_56883#chunk=22,9,reciprocal_rank,0.2,0.5,1.0
B4_learned_per_facet,21,musique,3hop2__11282_57233_56883,benchmark://musique/3hop2__11282_57233_56883#chunk=1|benchmark://musique/3hop2__11282_57233_56883#chunk=0|benchmark://musique/3hop2__11282_57233_56883#chunk=10|benchmark://musique/3hop2__11282_57233_56883#chunk=35,9,reciprocal_rank,0.0,0.0,0.0
B4_learned_per_facet,42,musique,3hop2__11282_57233_56883,benchmark://musique/3hop2__11282_57233_56883#chunk=1|benchmark://musique/3hop2__11282_57233_56883#chunk=0|benchmark://musique/3hop2__11282_57233_56883#chunk=10|benchmark://musique/3hop2__11282_57233_56883#chunk=35,9,reciprocal_rank,0.0,0.0,0.0
B4_learned_per_facet,87,musique,3hop2__11282_57233_56883,benchmark://musique/3hop2__11282_57233_56883#chunk=55|benchmark://musique/3hop2__11282_57233_56883#chunk=35|benchmark://musique/3hop2__11282_57233_56883#chunk=17|benchmark://musique/3hop2__11282_57233_56883#chunk=67,9,reciprocal_rank,0.2,0.5,1.0
B4_fixed_semantic,0,musique,4hop1__105688_17130_70784_61381,benchmark://musique/4hop1__105688_17130_70784_61381#chunk=65|benchmark://musique/4hop1__105688_17130_70784_61381#chunk=72|benchmark://musique/4hop1__105688_17130_70784_61381#chunk=16|benchmark://musique/4hop1__105688_17130_70784_61381#chunk=68,5,reciprocal_rank,0.0,0.0,0.0
B4_type_rule,0,musique,4hop1__105688_17130_70784_61381,benchmark://musique/4hop1__105688_17130_70784_61381#chunk=4|benchmark://musique/4hop1__105688_17130_70784_61381#chunk=70|benchmark://musique/4hop1__105688_17130_70784_61381#chunk=2|benchmark://musique/4hop1__105688_17130_70784_61381#chunk=49,5,reciprocal_rank,0.06666666666666667,0.5,1.0
B4_oracle_per_facet,0,musique,4hop1__105688_17130_70784_61381,benchmark://musique/4hop1__105688_17130_70784_61381#chunk=1|benchmark://musique/4hop1__105688_17130_70784_61381#chunk=2|benchmark://musique/4hop1__105688_17130_70784_61381#chunk=4|benchmark://musique/4hop1__105688_17130_70784_61381#chunk=34,5,reciprocal_rank,0.1,0.75,0.5
B4_learned_per_facet,1,musique,4hop1__105688_17130_70784_61381,benchmark://musique/4hop1__105688_17130_70784_61381#chunk=1|benchmark://musique/4hop1__105688_17130_70784_61381#chunk=50|benchmark://musique/4hop1__105688_17130_70784_61381#chunk=2|benchmark://musique/4hop1__105688_17130_70784_61381#chunk=4,5,reciprocal_rank,0.06666666666666667,0.5,0.3333333333333333
B4_learned_per_facet,7,musique,4hop1__105688_17130_70784_61381,benchmark://musique/4hop1__105688_17130_70784_61381#chunk=1|benchmark://musique/4hop1__105688_17130_70784_61381#chunk=50|benchmark://musique/4hop1__105688_17130_70784_61381#chunk=2|benchmark://musique/4hop1__105688_17130_70784_61381#chunk=4,5,reciprocal_rank,0.06666666666666667,0.5,0.3333333333333333
B4_learned_per_facet,21,musique,4hop1__105688_17130_70784_61381,benchmark://musique/4hop1__105688_17130_70784_61381#chunk=1|benchmark://musique/4hop1__105688_17130_70784_61381#chunk=50|benchmark://musique/4hop1__105688_17130_70784_61381#chunk=2|benchmark://musique/4hop1__105688_17130_70784_61381#chunk=4,5,reciprocal_rank,0.06666666666666667,0.5,0.3333333333333333
B4_learned_per_facet,42,musique,4hop1__105688_17130_70784_61381,benchmark://musique/4hop1__105688_17130_70784_61381#chunk=1|benchmark://musique/4hop1__105688_17130_70784_61381#chunk=50|benchmark://musique/4hop1__105688_17130_70784_61381#chunk=2|benchmark://musique/4hop1__105688_17130_70784_61381#chunk=4,5,reciprocal_rank,0.06666666666666667,0.5,0.3333333333333333
B4_learned_per_facet,87,musique,4hop1__105688_17130_70784_61381,benchmark://musique/4hop1__105688_17130_70784_61381#chunk=1|benchmark://musique/4hop1__105688_17130_70784_61381#chunk=50|benchmark://musique/4hop1__105688_17130_70784_61381#chunk=2|benchmark://musique/4hop1__105688_17130_70784_61381#chunk=73,5,reciprocal_rank,0.03333333333333333,0.25,0.3333333333333333
B4_fixed_semantic,0,musique,4hop1__105688_17130_70784_79935,benchmark://musique/4hop1__105688_17130_70784_79935#chunk=32|benchmark://musique/4hop1__105688_17130_70784_79935#chunk=37|benchmark://musique/4hop1__105688_17130_70784_79935#chunk=44|benchmark://musique/4hop1__105688_17130_70784_79935#chunk=42,2,reciprocal_rank,0.0,0.0,0.0
B4_type_rule,0,musique,4hop1__105688_17130_70784_79935,benchmark://musique/4hop1__105688_17130_70784_79935#chunk=1|benchmark://musique/4hop1__105688_17130_70784_79935#chunk=0|benchmark://musique/4hop1__105688_17130_70784_79935#chunk=32|benchmark://musique/4hop1__105688_17130_70784_79935#chunk=37,2,reciprocal_rank,0.07692307692307693,0.5,1.0
B4_oracle_per_facet,0,musique,4hop1__105688_17130_70784_79935,benchmark://musique/4hop1__105688_17130_70784_79935#chunk=0|benchmark://musique/4hop1__105688_17130_70784_79935#chunk=1|benchmark://musique/4hop1__105688_17130_70784_79935#chunk=19|benchmark://musique/4hop1__105688_17130_70784_79935#chunk=26,2,reciprocal_rank,0.07692307692307693,0.5,1.0
B4_learned_per_facet,1,musique,4hop1__105688_17130_70784_79935,benchmark://musique/4hop1__105688_17130_70784_79935#chunk=71|benchmark://musique/4hop1__105688_17130_70784_79935#chunk=0|benchmark://musique/4hop1__105688_17130_70784_79935#chunk=32|benchmark://musique/4hop1__105688_17130_70784_79935#chunk=40,2,reciprocal_rank,0.038461538461538464,0.25,0.5
B4_learned_per_facet,7,musique,4hop1__105688_17130_70784_79935,benchmark://musique/4hop1__105688_17130_70784_79935#chunk=71|benchmark://musique/4hop1__105688_17130_70784_79935#chunk=0|benchmark://musique/4hop1__105688_17130_70784_79935#chunk=32|benchmark://musique/4hop1__105688_17130_70784_79935#chunk=40,2,reciprocal_rank,0.038461538461538464,0.25,0.5
B4_learned_per_facet,21,musique,4hop1__105688_17130_70784_79935,benchmark://musique/4hop1__105688_17130_70784_79935#chunk=71|benchmark://musique/4hop1__105688_17130_70784_79935#chunk=0|benchmark://musique/4hop1__105688_17130_70784_79935#chunk=32|benchmark://musique/4hop1__105688_17130_70784_79935#chunk=40,2,reciprocal_rank,0.038461538461538464,0.25,0.5
B4_learned_per_facet,42,musique,4hop1__105688_17130_70784_79935,benchmark://musique/4hop1__105688_17130_70784_79935#chunk=71|benchmark://musique/4hop1__105688_17130_70784_79935#chunk=0|benchmark://musique/4hop1__105688_17130_70784_79935#chunk=32|benchmark://musique/4hop1__105688_17130_70784_79935#chunk=40,2,reciprocal_rank,0.038461538461538464,0.25,0.5
B4_learned_per_facet,87,musique,4hop1__105688_17130_70784_79935,benchmark://musique/4hop1__105688_17130_70784_79935#chunk=71|benchmark://musique/4hop1__105688_17130_70784_79935#chunk=0|benchmark://musique/4hop1__105688_17130_70784_79935#chunk=32|benchmark://musique/4hop1__105688_17130_70784_79935#chunk=40,2,reciprocal_rank,0.038461538461538464,0.25,0.5
B4_fixed_semantic,0,musique,4hop2__103790_14670_8987_8974,benchmark://musique/4hop2__103790_14670_8987_8974#chunk=41|benchmark://musique/4hop2__103790_14670_8987_8974#chunk=42|benchmark://musique/4hop2__103790_14670_8987_8974#chunk=48|benchmark://musique/4hop2__103790_14670_8987_8974#chunk=16,4,reciprocal_rank,0.1875,0.75,1.0
B4_type_rule,0,musique,4hop2__103790_14670_8987_8974,benchmark://musique/4hop2__103790_14670_8987_8974#chunk=42|benchmark://musique/4hop2__103790_14670_8987_8974#chunk=55|benchmark://musique/4hop2__103790_14670_8987_8974#chunk=27|benchmark://musique/4hop2__103790_14670_8987_8974#chunk=41,4,reciprocal_rank,0.25,1.0,1.0
B4_oracle_per_facet,0,musique,4hop2__103790_14670_8987_8974,benchmark://musique/4hop2__103790_14670_8987_8974#chunk=42|benchmark://musique/4hop2__103790_14670_8987_8974#chunk=55|benchmark://musique/4hop2__103790_14670_8987_8974#chunk=27|benchmark://musique/4hop2__103790_14670_8987_8974#chunk=41,4,reciprocal_rank,0.25,1.0,1.0
B4_learned_per_facet,1,musique,4hop2__103790_14670_8987_8974,benchmark://musique/4hop2__103790_14670_8987_8974#chunk=27|benchmark://musique/4hop2__103790_14670_8987_8974#chunk=42|benchmark://musique/4hop2__103790_14670_8987_8974#chunk=15|benchmark://musique/4hop2__103790_14670_8987_8974#chunk=70,4,reciprocal_rank,0.125,0.5,1.0
B4_learned_per_facet,7,musique,4hop2__103790_14670_8987_8974,benchmark://musique/4hop2__103790_14670_8987_8974#chunk=27|benchmark://musique/4hop2__103790_14670_8987_8974#chunk=42|benchmark://musique/4hop2__103790_14670_8987_8974#chunk=15|benchmark://musique/4hop2__103790_14670_8987_8974#chunk=70,4,reciprocal_rank,0.125,0.5,1.0
B4_learned_per_facet,21,musique,4hop2__103790_14670_8987_8974,benchmark://musique/4hop2__103790_14670_8987_8974#chunk=27|benchmark://musique/4hop2__103790_14670_8987_8974#chunk=42|benchmark://musique/4hop2__103790_14670_8987_8974#chunk=15|benchmark://musique/4hop2__103790_14670_8987_8974#chunk=70,4,reciprocal_rank,0.125,0.5,1.0
B4_learned_per_facet,42,musique,4hop2__103790_14670_8987_8974,benchmark://musique/4hop2__103790_14670_8987_8974#chunk=27|benchmark://musique/4hop2__103790_14670_8987_8974#chunk=42|benchmark://musique/4hop2__103790_14670_8987_8974#chunk=15|benchmark://musique/4hop2__103790_14670_8987_8974#chunk=70,4,reciprocal_rank,0.125,0.5,1.0
B4_learned_per_facet,87,musique,4hop2__103790_14670_8987_8974,benchmark://musique/4hop2__103790_14670_8987_8974#chunk=27|benchmark://musique/4hop2__103790_14670_8987_8974#chunk=42|benchmark://musique/4hop2__103790_14670_8987_8974#chunk=15|benchmark://musique/4hop2__103790_14670_8987_8974#chunk=70,4,reciprocal_rank,0.125,0.5,1.0
B4_fixed_semantic,0,musique,4hop2__105527_14670_8987_8529,benchmark://musique/4hop2__105527_14670_8987_8529#chunk=1|benchmark://musique/4hop2__105527_14670_8987_8529#chunk=56|benchmark://musique/4hop2__105527_14670_8987_8529#chunk=20|benchmark://musique/4hop2__105527_14670_8987_8529#chunk=32,7,reciprocal_rank,0.21428571428571427,0.75,1.0
B4_type_rule,0,musique,4hop2__105527_14670_8987_8529,benchmark://musique/4hop2__105527_14670_8987_8529#chunk=1|benchmark://musique/4hop2__105527_14670_8987_8529#chunk=0|benchmark://musique/4hop2__105527_14670_8987_8529#chunk=20|benchmark://musique/4hop2__105527_14670_8987_8529#chunk=21,7,reciprocal_rank,0.21428571428571427,0.75,1.0
B4_oracle_per_facet,0,musique,4hop2__105527_14670_8987_8529,benchmark://musique/4hop2__105527_14670_8987_8529#chunk=1|benchmark://musique/4hop2__105527_14670_8987_8529#chunk=20|benchmark://musique/4hop2__105527_14670_8987_8529#chunk=22|benchmark://musique/4hop2__105527_14670_8987_8529#chunk=21,7,reciprocal_rank,0.2857142857142857,1.0,1.0
B4_learned_per_facet,1,musique,4hop2__105527_14670_8987_8529,benchmark://musique/4hop2__105527_14670_8987_8529#chunk=1|benchmark://musique/4hop2__105527_14670_8987_8529#chunk=20|benchmark://musique/4hop2__105527_14670_8987_8529#chunk=21|benchmark://musique/4hop2__105527_14670_8987_8529#chunk=43,7,reciprocal_rank,0.21428571428571427,0.75,1.0
B4_learned_per_facet,7,musique,4hop2__105527_14670_8987_8529,benchmark://musique/4hop2__105527_14670_8987_8529#chunk=1|benchmark://musique/4hop2__105527_14670_8987_8529#chunk=20|benchmark://musique/4hop2__105527_14670_8987_8529#chunk=21|benchmark://musique/4hop2__105527_14670_8987_8529#chunk=43,7,reciprocal_rank,0.21428571428571427,0.75,1.0
B4_learned_per_facet,21,musique,4hop2__105527_14670_8987_8529,benchmark://musique/4hop2__105527_14670_8987_8529#chunk=1|benchmark://musique/4hop2__105527_14670_8987_8529#chunk=0|benchmark://musique/4hop2__105527_14670_8987_8529#chunk=20|benchmark://musique/4hop2__105527_14670_8987_8529#chunk=21,7,reciprocal_rank,0.21428571428571427,0.75,1.0
B4_learned_per_facet,42,musique,4hop2__105527_14670_8987_8529,benchmark://musique/4hop2__105527_14670_8987_8529#chunk=1|benchmark://musique/4hop2__105527_14670_8987_8529#chunk=20|benchmark://musique/4hop2__105527_14670_8987_8529#chunk=21|benchmark://musique/4hop2__105527_14670_8987_8529#chunk=43,7,reciprocal_rank,0.21428571428571427,0.75,1.0
B4_learned_per_facet,87,musique,4hop2__105527_14670_8987_8529,benchmark://musique/4hop2__105527_14670_8987_8529#chunk=1|benchmark://musique/4hop2__105527_14670_8987_8529#chunk=20|benchmark://musique/4hop2__105527_14670_8987_8529#chunk=21|benchmark://musique/4hop2__105527_14670_8987_8529#chunk=43,7,reciprocal_rank,0.21428571428571427,0.75,1.0
B4_fixed_semantic,0,qasper,1611.03599:e330e162ec29722f5ec9f83853d129c9e0693d65,benchmark://qasper/1611.03599:e330e162ec29722f5ec9f83853d129c9e0693d65#chunk=100|benchmark://qasper/1611.03599:e330e162ec29722f5ec9f83853d129c9e0693d65#chunk=160|benchmark://qasper/1611.03599:e330e162ec29722f5ec9f83853d129c9e0693d65#chunk=144|benchmark://qasper/1611.03599:e330e162ec29722f5ec9f83853d129c9e0693d65#chunk=148,2,reciprocal_rank,0.0,0.0,0.0
B4_type_rule,0,qasper,1611.03599:e330e162ec29722f5ec9f83853d129c9e0693d65,benchmark://qasper/1611.03599:e330e162ec29722f5ec9f83853d129c9e0693d65#chunk=1|benchmark://qasper/1611.03599:e330e162ec29722f5ec9f83853d129c9e0693d65#chunk=0|benchmark://qasper/1611.03599:e330e162ec29722f5ec9f83853d129c9e0693d65#chunk=10|benchmark://qasper/1611.03599:e330e162ec29722f5ec9f83853d129c9e0693d65#chunk=100,2,reciprocal_rank,0.25,0.5,1.0
B4_oracle_per_facet,0,qasper,1611.03599:e330e162ec29722f5ec9f83853d129c9e0693d65,benchmark://qasper/1611.03599:e330e162ec29722f5ec9f83853d129c9e0693d65#chunk=0|benchmark://qasper/1611.03599:e330e162ec29722f5ec9f83853d129c9e0693d65#chunk=1|benchmark://qasper/1611.03599:e330e162ec29722f5ec9f83853d129c9e0693d65#chunk=2|benchmark://qasper/1611.03599:e330e162ec29722f5ec9f83853d129c9e0693d65#chunk=87,2,reciprocal_rank,0.375,0.75,1.0
B4_learned_per_facet,1,qasper,1611.03599:e330e162ec29722f5ec9f83853d129c9e0693d65,benchmark://qasper/1611.03599:e330e162ec29722f5ec9f83853d129c9e0693d65#chunk=1|benchmark://qasper/1611.03599:e330e162ec29722f5ec9f83853d129c9e0693d65#chunk=0|benchmark://qasper/1611.03599:e330e162ec29722f5ec9f83853d129c9e0693d65#chunk=10|benchmark://qasper/1611.03599:e330e162ec29722f5ec9f83853d129c9e0693d65#chunk=100,2,reciprocal_rank,0.25,0.5,1.0
B4_learned_per_facet,7,qasper,1611.03599:e330e162ec29722f5ec9f83853d129c9e0693d65,benchmark://qasper/1611.03599:e330e162ec29722f5ec9f83853d129c9e0693d65#chunk=0|benchmark://qasper/1611.03599:e330e162ec29722f5ec9f83853d129c9e0693d65#chunk=1|benchmark://qasper/1611.03599:e330e162ec29722f5ec9f83853d129c9e0693d65#chunk=10|benchmark://qasper/1611.03599:e330e162ec29722f5ec9f83853d129c9e0693d65#chunk=2,2,reciprocal_rank,0.375,0.75,1.0
B4_learned_per_facet,21,qasper,1611.03599:e330e162ec29722f5ec9f83853d129c9e0693d65,benchmark://qasper/1611.03599:e330e162ec29722f5ec9f83853d129c9e0693d65#chunk=0|benchmark://qasper/1611.03599:e330e162ec29722f5ec9f83853d129c9e0693d65#chunk=1|benchmark://qasper/1611.03599:e330e162ec29722f5ec9f83853d129c9e0693d65#chunk=10|benchmark://qasper/1611.03599:e330e162ec29722f5ec9f83853d129c9e0693d65#chunk=2,2,reciprocal_rank,0.375,0.75,1.0
B4_learned_per_facet,42,qasper,1611.03599:e330e162ec29722f5ec9f83853d129c9e0693d65,benchmark://qasper/1611.03599:e330e162ec29722f5ec9f83853d129c9e0693d65#chunk=1|benchmark://qasper/1611.03599:e330e162ec29722f5ec9f83853d129c9e0693d65#chunk=0|benchmark://qasper/1611.03599:e330e162ec29722f5ec9f83853d129c9e0693d65#chunk=10|benchmark://qasper/1611.03599:e330e162ec29722f5ec9f83853d129c9e0693d65#chunk=100,2,reciprocal_rank,0.25,0.5,1.0
B4_learned_per_facet,87,qasper,1611.03599:e330e162ec29722f5ec9f83853d129c9e0693d65,benchmark://qasper/1611.03599:e330e162ec29722f5ec9f83853d129c9e0693d65#chunk=1|benchmark://qasper/1611.03599:e330e162ec29722f5ec9f83853d129c9e0693d65#chunk=0|benchmark://qasper/1611.03599:e330e162ec29722f5ec9f83853d129c9e0693d65#chunk=10|benchmark://qasper/1611.03599:e330e162ec29722f5ec9f83853d129c9e0693d65#chunk=100,2,reciprocal_rank,0.25,0.5,1.0
B4_fixed_semantic,0,qasper,1703.04001:4e1a67f8dc68b55a5ce18e6cd385ae9ab90d891f,benchmark://qasper/1703.04001:4e1a67f8dc68b55a5ce18e6cd385ae9ab90d891f#chunk=20|benchmark://qasper/1703.04001:4e1a67f8dc68b55a5ce18e6cd385ae9ab90d891f#chunk=64|benchmark://qasper/1703.04001:4e1a67f8dc68b55a5ce18e6cd385ae9ab90d891f#chunk=32|benchmark://qasper/1703.04001:4e1a67f8dc68b55a5ce18e6cd385ae9ab90d891f#chunk=56,2,reciprocal_rank,0.0,0.0,0.0
B4_type_rule,0,qasper,1703.04001:4e1a67f8dc68b55a5ce18e6cd385ae9ab90d891f,benchmark://qasper/1703.04001:4e1a67f8dc68b55a5ce18e6cd385ae9ab90d891f#chunk=18|benchmark://qasper/1703.04001:4e1a67f8dc68b55a5ce18e6cd385ae9ab90d891f#chunk=8|benchmark://qasper/1703.04001:4e1a67f8dc68b55a5ce18e6cd385ae9ab90d891f#chunk=0|benchmark://qasper/1703.04001:4e1a67f8dc68b55a5ce18e6cd385ae9ab90d891f#chunk=1,2,reciprocal_rank,0.3333333333333333,0.5,0.3333333333333333
B4_oracle_per_facet,0,qasper,1703.04001:4e1a67f8dc68b55a5ce18e6cd385ae9ab90d891f,benchmark://qasper/1703.04001:4e1a67f8dc68b55a5ce18e6cd385ae9ab90d891f#chunk=18|benchmark://qasper/1703.04001:4e1a67f8dc68b55a5ce18e6cd385ae9ab90d891f#chunk=8|benchmark://qasper/1703.04001:4e1a67f8dc68b55a5ce18e6cd385ae9ab90d891f#chunk=0|benchmark://qasper/1703.04001:4e1a67f8dc68b55a5ce18e6cd385ae9ab90d891f#chunk=1,2,reciprocal_rank,0.3333333333333333,0.5,0.3333333333333333
B4_learned_per_facet,1,qasper,1703.04001:4e1a67f8dc68b55a5ce18e6cd385ae9ab90d891f,benchmark://qasper/1703.04001:4e1a67f8dc68b55a5ce18e6cd385ae9ab90d891f#chunk=18|benchmark://qasper/1703.04001:4e1a67f8dc68b55a5ce18e6cd385ae9ab90d891f#chunk=8|benchmark://qasper/1703.04001:4e1a67f8dc68b55a5ce18e6cd385ae9ab90d891f#chunk=0|benchmark://qasper/1703.04001:4e1a67f8dc68b55a5ce18e6cd385ae9ab90d891f#chunk=1,2,reciprocal_rank,0.3333333333333333,0.5,0.3333333333333333
B4_learned_per_facet,7,qasper,1703.04001:4e1a67f8dc68b55a5ce18e6cd385ae9ab90d891f,benchmark://qasper/1703.04001:4e1a67f8dc68b55a5ce18e6cd385ae9ab90d891f#chunk=18|benchmark://qasper/1703.04001:4e1a67f8dc68b55a5ce18e6cd385ae9ab90d891f#chunk=23|benchmark://qasper/1703.04001:4e1a67f8dc68b55a5ce18e6cd385ae9ab90d891f#chunk=8|benchmark://qasper/1703.04001:4e1a67f8dc68b55a5ce18e6cd385ae9ab90d891f#chunk=48,2,reciprocal_rank,0.0,0.0,0.0
B4_learned_per_facet,21,qasper,1703.04001:4e1a67f8dc68b55a5ce18e6cd385ae9ab90d891f,benchmark://qasper/1703.04001:4e1a67f8dc68b55a5ce18e6cd385ae9ab90d891f#chunk=18|benchmark://qasper/1703.04001:4e1a67f8dc68b55a5ce18e6cd385ae9ab90d891f#chunk=8|benchmark://qasper/1703.04001:4e1a67f8dc68b55a5ce18e6cd385ae9ab90d891f#chunk=23|benchmark://qasper/1703.04001:4e1a67f8dc68b55a5ce18e6cd385ae9ab90d891f#chunk=0,2,reciprocal_rank,0.16666666666666666,0.25,0.25
B4_learned_per_facet,42,qasper,1703.04001:4e1a67f8dc68b55a5ce18e6cd385ae9ab90d891f,benchmark://qasper/1703.04001:4e1a67f8dc68b55a5ce18e6cd385ae9ab90d891f#chunk=18|benchmark://qasper/1703.04001:4e1a67f8dc68b55a5ce18e6cd385ae9ab90d891f#chunk=23|benchmark://qasper/1703.04001:4e1a67f8dc68b55a5ce18e6cd385ae9ab90d891f#chunk=8|benchmark://qasper/1703.04001:4e1a67f8dc68b55a5ce18e6cd385ae9ab90d891f#chunk=48,2,reciprocal_rank,0.0,0.0,0.0
B4_learned_per_facet,87,qasper,1703.04001:4e1a67f8dc68b55a5ce18e6cd385ae9ab90d891f,benchmark://qasper/1703.04001:4e1a67f8dc68b55a5ce18e6cd385ae9ab90d891f#chunk=18|benchmark://qasper/1703.04001:4e1a67f8dc68b55a5ce18e6cd385ae9ab90d891f#chunk=8|benchmark://qasper/1703.04001:4e1a67f8dc68b55a5ce18e6cd385ae9ab90d891f#chunk=0|benchmark://qasper/1703.04001:4e1a67f8dc68b55a5ce18e6cd385ae9ab90d891f#chunk=1,2,reciprocal_rank,0.3333333333333333,0.5,0.3333333333333333
B4_fixed_semantic,0,qasper,1912.13337:e97186c51d4af490dba6faaf833d269c8256426c,benchmark://qasper/1912.13337:e97186c51d4af490dba6faaf833d269c8256426c#chunk=208|benchmark://qasper/1912.13337:e97186c51d4af490dba6faaf833d269c8256426c#chunk=288|benchmark://qasper/1912.13337:e97186c51d4af490dba6faaf833d269c8256426c#chunk=188|benchmark://qasper/1912.13337:e97186c51d4af490dba6faaf833d269c8256426c#chunk=192,2,reciprocal_rank,0.0,0.0,0.0
B4_type_rule,0,qasper,1912.13337:e97186c51d4af490dba6faaf833d269c8256426c,benchmark://qasper/1912.13337:e97186c51d4af490dba6faaf833d269c8256426c#chunk=0|benchmark://qasper/1912.13337:e97186c51d4af490dba6faaf833d269c8256426c#chunk=1|benchmark://qasper/1912.13337:e97186c51d4af490dba6faaf833d269c8256426c#chunk=10|benchmark://qasper/1912.13337:e97186c51d4af490dba6faaf833d269c8256426c#chunk=100,2,reciprocal_rank,0.04,0.75,1.0
B4_oracle_per_facet,0,qasper,1912.13337:e97186c51d4af490dba6faaf833d269c8256426c,benchmark://qasper/1912.13337:e97186c51d4af490dba6faaf833d269c8256426c#chunk=0|benchmark://qasper/1912.13337:e97186c51d4af490dba6faaf833d269c8256426c#chunk=1|benchmark://qasper/1912.13337:e97186c51d4af490dba6faaf833d269c8256426c#chunk=10|benchmark://qasper/1912.13337:e97186c51d4af490dba6faaf833d269c8256426c#chunk=100,2,reciprocal_rank,0.04,0.75,1.0
B4_learned_per_facet,1,qasper,1912.13337:e97186c51d4af490dba6faaf833d269c8256426c,benchmark://qasper/1912.13337:e97186c51d4af490dba6faaf833d269c8256426c#chunk=0|benchmark://qasper/1912.13337:e97186c51d4af490dba6faaf833d269c8256426c#chunk=279|benchmark://qasper/1912.13337:e97186c51d4af490dba6faaf833d269c8256426c#chunk=1|benchmark://qasper/1912.13337:e97186c51d4af490dba6faaf833d269c8256426c#chunk=77,2,reciprocal_rank,0.02666666666666667,0.5,1.0
B4_learned_per_facet,7,qasper,1912.13337:e97186c51d4af490dba6faaf833d269c8256426c,benchmark://qasper/1912.13337:e97186c51d4af490dba6faaf833d269c8256426c#chunk=279|benchmark://qasper/1912.13337:e97186c51d4af490dba6faaf833d269c8256426c#chunk=77|benchmark://qasper/1912.13337:e97186c51d4af490dba6faaf833d269c8256426c#chunk=108|benchmark://qasper/1912.13337:e97186c51d4af490dba6faaf833d269c8256426c#chunk=286,2,reciprocal_rank,0.0,0.0,0.0
B4_learned_per_facet,21,qasper,1912.13337:e97186c51d4af490dba6faaf833d269c8256426c,benchmark://qasper/1912.13337:e97186c51d4af490dba6faaf833d269c8256426c#chunk=279|benchmark://qasper/1912.13337:e97186c51d4af490dba6faaf833d269c8256426c#chunk=77|benchmark://qasper/1912.13337:e97186c51d4af490dba6faaf833d269c8256426c#chunk=108|benchmark://qasper/1912.13337:e97186c51d4af490dba6faaf833d269c8256426c#chunk=286,2,reciprocal_rank,0.0,0.0,0.0
B4_learned_per_facet,42,qasper,1912.13337:e97186c51d4af490dba6faaf833d269c8256426c,benchmark://qasper/1912.13337:e97186c51d4af490dba6faaf833d269c8256426c#chunk=279|benchmark://qasper/1912.13337:e97186c51d4af490dba6faaf833d269c8256426c#chunk=77|benchmark://qasper/1912.13337:e97186c51d4af490dba6faaf833d269c8256426c#chunk=108|benchmark://qasper/1912.13337:e97186c51d4af490dba6faaf833d269c8256426c#chunk=286,2,reciprocal_rank,0.0,0.0,0.0
B4_learned_per_facet,87,qasper,1912.13337:e97186c51d4af490dba6faaf833d269c8256426c,benchmark://qasper/1912.13337:e97186c51d4af490dba6faaf833d269c8256426c#chunk=0|benchmark://qasper/1912.13337:e97186c51d4af490dba6faaf833d269c8256426c#chunk=1|benchmark://qasper/1912.13337:e97186c51d4af490dba6faaf833d269c8256426c#chunk=10|benchmark://qasper/1912.13337:e97186c51d4af490dba6faaf833d269c8256426c#chunk=100,2,reciprocal_rank,0.04,0.75,1.0
B4_fixed_semantic,0,qasper,2001.02885:96b07373756d7854bccc3c12e8d41454ab8741f5,benchmark://qasper/2001.02885:96b07373756d7854bccc3c12e8d41454ab8741f5#chunk=2|benchmark://qasper/2001.02885:96b07373756d7854bccc3c12e8d41454ab8741f5#chunk=34|benchmark://qasper/2001.02885:96b07373756d7854bccc3c12e8d41454ab8741f5#chunk=30|benchmark://qasper/2001.02885:96b07373756d7854bccc3c12e8d41454ab8741f5#chunk=105,4,reciprocal_rank,0.0,0.0,0.0
B4_type_rule,0,qasper,2001.02885:96b07373756d7854bccc3c12e8d41454ab8741f5,benchmark://qasper/2001.02885:96b07373756d7854bccc3c12e8d41454ab8741f5#chunk=0|benchmark://qasper/2001.02885:96b07373756d7854bccc3c12e8d41454ab8741f5#chunk=105|benchmark://qasper/2001.02885:96b07373756d7854bccc3c12e8d41454ab8741f5#chunk=1|benchmark://qasper/2001.02885:96b07373756d7854bccc3c12e8d41454ab8741f5#chunk=2,4,reciprocal_rank,1.0,0.25,1.0
B4_oracle_per_facet,0,qasper,2001.02885:96b07373756d7854bccc3c12e8d41454ab8741f5,benchmark://qasper/2001.02885:96b07373756d7854bccc3c12e8d41454ab8741f5#chunk=0|benchmark://qasper/2001.02885:96b07373756d7854bccc3c12e8d41454ab8741f5#chunk=1|benchmark://qasper/2001.02885:96b07373756d7854bccc3c12e8d41454ab8741f5#chunk=10|benchmark://qasper/2001.02885:96b07373756d7854bccc3c12e8d41454ab8741f5#chunk=100,4,reciprocal_rank,1.0,0.25,1.0
B4_learned_per_facet,1,qasper,2001.02885:96b07373756d7854bccc3c12e8d41454ab8741f5,benchmark://qasper/2001.02885:96b07373756d7854bccc3c12e8d41454ab8741f5#chunk=30|benchmark://qasper/2001.02885:96b07373756d7854bccc3c12e8d41454ab8741f5#chunk=2|benchmark://qasper/2001.02885:96b07373756d7854bccc3c12e8d41454ab8741f5#chunk=105|benchmark://qasper/2001.02885:96b07373756d7854bccc3c12e8d41454ab8741f5#chunk=34,4,reciprocal_rank,0.0,0.0,0.0
B4_learned_per_facet,7,qasper,2001.02885:96b07373756d7854bccc3c12e8d41454ab8741f5,benchmark://qasper/2001.02885:96b07373756d7854bccc3c12e8d41454ab8741f5#chunk=30|benchmark://qasper/2001.02885:96b07373756d7854bccc3c12e8d41454ab8741f5#chunk=2|benchmark://qasper/2001.02885:96b07373756d7854bccc3c12e8d41454ab8741f5#chunk=105|benchmark://qasper/2001.02885:96b07373756d7854bccc3c12e8d41454ab8741f5#chunk=34,4,reciprocal_rank,0.0,0.0,0.0
B4_learned_per_facet,21,qasper,2001.02885:96b07373756d7854bccc3c12e8d41454ab8741f5,benchmark://qasper/2001.02885:96b07373756d7854bccc3c12e8d41454ab8741f5#chunk=0|benchmark://qasper/2001.02885:96b07373756d7854bccc3c12e8d41454ab8741f5#chunk=1|benchmark://qasper/2001.02885:96b07373756d7854bccc3c12e8d41454ab8741f5#chunk=10|benchmark://qasper/2001.02885:96b07373756d7854bccc3c12e8d41454ab8741f5#chunk=100,4,reciprocal_rank,1.0,0.25,1.0
B4_learned_per_facet,42,qasper,2001.02885:96b07373756d7854bccc3c12e8d41454ab8741f5,benchmark://qasper/2001.02885:96b07373756d7854bccc3c12e8d41454ab8741f5#chunk=0|benchmark://qasper/2001.02885:96b07373756d7854bccc3c12e8d41454ab8741f5#chunk=34|benchmark://qasper/2001.02885:96b07373756d7854bccc3c12e8d41454ab8741f5#chunk=60|benchmark://qasper/2001.02885:96b07373756d7854bccc3c12e8d41454ab8741f5#chunk=61,4,reciprocal_rank,1.0,0.25,1.0
B4_learned_per_facet,87,qasper,2001.02885:96b07373756d7854bccc3c12e8d41454ab8741f5,benchmark://qasper/2001.02885:96b07373756d7854bccc3c12e8d41454ab8741f5#chunk=30|benchmark://qasper/2001.02885:96b07373756d7854bccc3c12e8d41454ab8741f5#chunk=105|benchmark://qasper/2001.02885:96b07373756d7854bccc3c12e8d41454ab8741f5#chunk=2|benchmark://qasper/2001.02885:96b07373756d7854bccc3c12e8d41454ab8741f5#chunk=34,4,reciprocal_rank,0.0,0.0,0.0
B4_fixed_semantic,0,qasper,2002.03407:b5608076d91450b0d295ad14c3e3a90d7e168d0e,benchmark://qasper/2002.03407:b5608076d91450b0d295ad14c3e3a90d7e168d0e#chunk=36|benchmark://qasper/2002.03407:b5608076d91450b0d295ad14c3e3a90d7e168d0e#chunk=148|benchmark://qasper/2002.03407:b5608076d91450b0d295ad14c3e3a90d7e168d0e#chunk=108|benchmark://qasper/2002.03407:b5608076d91450b0d295ad14c3e3a90d7e168d0e#chunk=116,2,reciprocal_rank,0.0,0.0,0.0
B4_type_rule,0,qasper,2002.03407:b5608076d91450b0d295ad14c3e3a90d7e168d0e,benchmark://qasper/2002.03407:b5608076d91450b0d295ad14c3e3a90d7e168d0e#chunk=154|benchmark://qasper/2002.03407:b5608076d91450b0d295ad14c3e3a90d7e168d0e#chunk=46|benchmark://qasper/2002.03407:b5608076d91450b0d295ad14c3e3a90d7e168d0e#chunk=48|benchmark://qasper/2002.03407:b5608076d91450b0d295ad14c3e3a90d7e168d0e#chunk=6,2,reciprocal_rank,0.0,0.0,0.0
B4_oracle_per_facet,0,qasper,2002.03407:b5608076d91450b0d295ad14c3e3a90d7e168d0e,benchmark://qasper/2002.03407:b5608076d91450b0d295ad14c3e3a90d7e168d0e#chunk=80|benchmark://qasper/2002.03407:b5608076d91450b0d295ad14c3e3a90d7e168d0e#chunk=6|benchmark://qasper/2002.03407:b5608076d91450b0d295ad14c3e3a90d7e168d0e#chunk=7|benchmark://qasper/2002.03407:b5608076d91450b0d295ad14c3e3a90d7e168d0e#chunk=105,2,reciprocal_rank,0.0,0.0,0.0
B4_learned_per_facet,1,qasper,2002.03407:b5608076d91450b0d295ad14c3e3a90d7e168d0e,benchmark://qasper/2002.03407:b5608076d91450b0d295ad14c3e3a90d7e168d0e#chunk=154|benchmark://qasper/2002.03407:b5608076d91450b0d295ad14c3e3a90d7e168d0e#chunk=80|benchmark://qasper/2002.03407:b5608076d91450b0d295ad14c3e3a90d7e168d0e#chunk=136|benchmark://qasper/2002.03407:b5608076d91450b0d295ad14c3e3a90d7e168d0e#chunk=6,2,reciprocal_rank,0.0,0.0,0.0
B4_learned_per_facet,7,qasper,2002.03407:b5608076d91450b0d295ad14c3e3a90d7e168d0e,benchmark://qasper/2002.03407:b5608076d91450b0d295ad14c3e3a90d7e168d0e#chunk=154|benchmark://qasper/2002.03407:b5608076d91450b0d295ad14c3e3a90d7e168d0e#chunk=80|benchmark://qasper/2002.03407:b5608076d91450b0d295ad14c3e3a90d7e168d0e#chunk=136|benchmark://qasper/2002.03407:b5608076d91450b0d295ad14c3e3a90d7e168d0e#chunk=6,2,reciprocal_rank,0.0,0.0,0.0
B4_learned_per_facet,21,qasper,2002.03407:b5608076d91450b0d295ad14c3e3a90d7e168d0e,benchmark://qasper/2002.03407:b5608076d91450b0d295ad14c3e3a90d7e168d0e#chunk=154|benchmark://qasper/2002.03407:b5608076d91450b0d295ad14c3e3a90d7e168d0e#chunk=80|benchmark://qasper/2002.03407:b5608076d91450b0d295ad14c3e3a90d7e168d0e#chunk=136|benchmark://qasper/2002.03407:b5608076d91450b0d295ad14c3e3a90d7e168d0e#chunk=6,2,reciprocal_rank,0.0,0.0,0.0
B4_learned_per_facet,42,qasper,2002.03407:b5608076d91450b0d295ad14c3e3a90d7e168d0e,benchmark://qasper/2002.03407:b5608076d91450b0d295ad14c3e3a90d7e168d0e#chunk=80|benchmark://qasper/2002.03407:b5608076d91450b0d295ad14c3e3a90d7e168d0e#chunk=6|benchmark://qasper/2002.03407:b5608076d91450b0d295ad14c3e3a90d7e168d0e#chunk=7|benchmark://qasper/2002.03407:b5608076d91450b0d295ad14c3e3a90d7e168d0e#chunk=105,2,reciprocal_rank,0.0,0.0,0.0
B4_learned_per_facet,87,qasper,2002.03407:b5608076d91450b0d295ad14c3e3a90d7e168d0e,benchmark://qasper/2002.03407:b5608076d91450b0d295ad14c3e3a90d7e168d0e#chunk=80|benchmark://qasper/2002.03407:b5608076d91450b0d295ad14c3e3a90d7e168d0e#chunk=6|benchmark://qasper/2002.03407:b5608076d91450b0d295ad14c3e3a90d7e168d0e#chunk=7|benchmark://qasper/2002.03407:b5608076d91450b0d295ad14c3e3a90d7e168d0e#chunk=105,2,reciprocal_rank,0.0,0.0,0.0
B4_fixed_semantic,0,qasper,2004.04721:664b3eadc12c8dde309e8bbd59e9af961a433cde,benchmark://qasper/2004.04721:664b3eadc12c8dde309e8bbd59e9af961a433cde#chunk=8|benchmark://qasper/2004.04721:664b3eadc12c8dde309e8bbd59e9af961a433cde#chunk=92|benchmark://qasper/2004.04721:664b3eadc12c8dde309e8bbd59e9af961a433cde#chunk=128|benchmark://qasper/2004.04721:664b3eadc12c8dde309e8bbd59e9af961a433cde#chunk=4,3,reciprocal_rank,0.2,0.25,0.25
B4_type_rule,0,qasper,2004.04721:664b3eadc12c8dde309e8bbd59e9af961a433cde,benchmark://qasper/2004.04721:664b3eadc12c8dde309e8bbd59e9af961a433cde#chunk=1|benchmark://qasper/2004.04721:664b3eadc12c8dde309e8bbd59e9af961a433cde#chunk=132|benchmark://qasper/2004.04721:664b3eadc12c8dde309e8bbd59e9af961a433cde#chunk=134|benchmark://qasper/2004.04721:664b3eadc12c8dde309e8bbd59e9af961a433cde#chunk=137,3,reciprocal_rank,0.2,0.25,1.0
B4_oracle_per_facet,0,qasper,2004.04721:664b3eadc12c8dde309e8bbd59e9af961a433cde,benchmark://qasper/2004.04721:664b3eadc12c8dde309e8bbd59e9af961a433cde#chunk=1|benchmark://qasper/2004.04721:664b3eadc12c8dde309e8bbd59e9af961a433cde#chunk=132|benchmark://qasper/2004.04721:664b3eadc12c8dde309e8bbd59e9af961a433cde#chunk=134|benchmark://qasper/2004.04721:664b3eadc12c8dde309e8bbd59e9af961a433cde#chunk=137,3,reciprocal_rank,0.2,0.25,1.0
B4_learned_per_facet,1,qasper,2004.04721:664b3eadc12c8dde309e8bbd59e9af961a433cde,benchmark://qasper/2004.04721:664b3eadc12c8dde309e8bbd59e9af961a433cde#chunk=132|benchmark://qasper/2004.04721:664b3eadc12c8dde309e8bbd59e9af961a433cde#chunk=1|benchmark://qasper/2004.04721:664b3eadc12c8dde309e8bbd59e9af961a433cde#chunk=52|benchmark://qasper/2004.04721:664b3eadc12c8dde309e8bbd59e9af961a433cde#chunk=82,3,reciprocal_rank,0.2,0.25,0.5
B4_learned_per_facet,7,qasper,2004.04721:664b3eadc12c8dde309e8bbd59e9af961a433cde,benchmark://qasper/2004.04721:664b3eadc12c8dde309e8bbd59e9af961a433cde#chunk=132|benchmark://qasper/2004.04721:664b3eadc12c8dde309e8bbd59e9af961a433cde#chunk=1|benchmark://qasper/2004.04721:664b3eadc12c8dde309e8bbd59e9af961a433cde#chunk=104|benchmark://qasper/2004.04721:664b3eadc12c8dde309e8bbd59e9af961a433cde#chunk=52,3,reciprocal_rank,0.2,0.25,0.5
B4_learned_per_facet,21,qasper,2004.04721:664b3eadc12c8dde309e8bbd59e9af961a433cde,benchmark://qasper/2004.04721:664b3eadc12c8dde309e8bbd59e9af961a433cde#chunk=132|benchmark://qasper/2004.04721:664b3eadc12c8dde309e8bbd59e9af961a433cde#chunk=1|benchmark://qasper/2004.04721:664b3eadc12c8dde309e8bbd59e9af961a433cde#chunk=104|benchmark://qasper/2004.04721:664b3eadc12c8dde309e8bbd59e9af961a433cde#chunk=52,3,reciprocal_rank,0.2,0.25,0.5
B4_learned_per_facet,42,qasper,2004.04721:664b3eadc12c8dde309e8bbd59e9af961a433cde,benchmark://qasper/2004.04721:664b3eadc12c8dde309e8bbd59e9af961a433cde#chunk=52|benchmark://qasper/2004.04721:664b3eadc12c8dde309e8bbd59e9af961a433cde#chunk=132|benchmark://qasper/2004.04721:664b3eadc12c8dde309e8bbd59e9af961a433cde#chunk=8|benchmark://qasper/2004.04721:664b3eadc12c8dde309e8bbd59e9af961a433cde#chunk=156,3,reciprocal_rank,0.0,0.0,0.0
B4_learned_per_facet,87,qasper,2004.04721:664b3eadc12c8dde309e8bbd59e9af961a433cde,benchmark://qasper/2004.04721:664b3eadc12c8dde309e8bbd59e9af961a433cde#chunk=1|benchmark://qasper/2004.04721:664b3eadc12c8dde309e8bbd59e9af961a433cde#chunk=132|benchmark://qasper/2004.04721:664b3eadc12c8dde309e8bbd59e9af961a433cde#chunk=134|benchmark://qasper/2004.04721:664b3eadc12c8dde309e8bbd59e9af961a433cde#chunk=137,3,reciprocal_rank,0.2,0.25,1.0
