seed,variant,dataset,condition,examples,gold_mean_token_logprob,gold_mean_logprob_delta_vs_none,gold_first_token_rank,gold_first_token_rank_delta_vs_none,gold_first_token_margin,gold_first_token_margin_delta_vs_none,f1,em,answer_contained,teacher_forced_seconds,generation_seconds,active_memory_tokens,trainable_parameter_count,trainable_parameter_percent,trainable_memory_bytes_fp32
11,fixed,hotpotqa,direct_text,4,-3.368145540356636,4.6346713453531265,318.5,-568.25,-7.578125,4.23828125,0.125,0.0,0.25,0.2596730499935802,0.7408096500148531,0.0,0.0,0.0,0.0
11,fixed,hotpotqa,none,4,-8.002816885709763,0.0,886.75,0.0,-11.81640625,0.0,0.05555555555555556,0.0,0.0,0.15661017499223817,1.2377035999961663,0.0,0.0,0.0,0.0
11,fixed,hotpotqa,oracle,4,-6.999312579631805,1.0035043060779572,236.75,-650.0,-10.423828125,1.392578125,0.05555555555555556,0.0,0.0,0.16213589999824762,0.7306418749940349,449.0,0.0,0.0,0.0
11,fixed,hotpotqa,routed,4,-7.892500400543213,0.11031648516654968,440.5,-446.25,-11.712890625,0.103515625,0.05555555555555556,0.0,0.0,0.16134160000365227,0.7316808250179747,384.0,0.0,0.0,0.0
11,fixed,qasper,direct_text,4,-8.971986055374146,-1.791483998298645,21.5,10.5,-8.513671875,-1.740234375,0.0,0.0,0.0,0.5033345750125591,1.0057814250030788,0.0,0.0,0.0,0.0
11,fixed,qasper,none,4,-7.1805020570755005,0.0,11.0,0.0,-6.7734375,0.0,0.125,0.0,0.5,0.147132199985208,0.716553024991299,0.0,0.0,0.0,0.0
11,fixed,qasper,oracle,4,-7.341205358505249,-0.16070330142974854,10.5,-0.5,-6.80078125,-0.02734375,0.125,0.0,0.5,0.1547481999878073,0.7961566249869065,960.0,0.0,0.0,0.0
11,fixed,qasper,routed,4,-7.6368184089660645,-0.45631635189056396,14.75,3.75,-7.125,-0.3515625,0.125,0.0,0.5,0.15421972499461845,0.8266981499909889,384.0,0.0,0.0,0.0
11,lora_o_r2,hotpotqa,direct_text,4,-3.368145540356636,4.6346713453531265,318.5,-568.25,-7.578125,4.23828125,0.125,0.0,0.25,0.31915089998801704,0.7618222749879351,0.0,24576.0,0.004123144584936778,98304.0
11,lora_o_r2,hotpotqa,none,4,-8.002816885709763,0.0,886.75,0.0,-11.81640625,0.0,0.05555555555555556,0.0,0.0,0.15618142501625698,0.6856374249910004,0.0,24576.0,0.004123144584936778,98304.0
11,lora_o_r2,hotpotqa,oracle,4,-6.08403468132019,1.9187822043895721,162.5,-724.25,-7.810546875,4.005859375,0.0,0.0,0.0,0.1641832000022987,0.7593390249967342,449.0,24576.0,0.004123144584936778,98304.0
11,lora_o_r2,hotpotqa,routed,4,-6.985055685043335,1.0177612006664276,380.0,-506.75,-9.126953125,2.689453125,0.05555555555555556,0.0,0.0,0.16432637500111014,0.796318724998855,384.0,24576.0,0.004123144584936778,98304.0
11,lora_o_r2,qasper,direct_text,4,-8.971986055374146,-1.791483998298645,21.5,10.5,-8.513671875,-1.740234375,0.0,0.0,0.0,0.500941274993238,1.0348099499969976,0.0,24576.0,0.004123144584936778,98304.0
11,lora_o_r2,qasper,none,4,-7.1805020570755005,0.0,11.0,0.0,-6.7734375,0.0,0.125,0.0,0.5,0.14785302501695696,0.7676543999987189,0.0,24576.0,0.004123144584936778,98304.0
11,lora_o_r2,qasper,oracle,4,-6.397410273551941,0.7830917835235596,9.25,-1.75,-5.89453125,0.87890625,0.125,0.0,0.5,0.15953364998858888,0.833324375009397,960.0,24576.0,0.004123144584936778,98304.0
11,lora_o_r2,qasper,routed,4,-6.581284761428833,0.5992172956466675,13.5,2.5,-6.0703125,0.703125,0.125,0.0,0.5,0.1563654750061687,0.8268936750246212,384.0,24576.0,0.004123144584936778,98304.0
11,lora_o_r4,hotpotqa,direct_text,4,-3.368145540356636,4.6346713453531265,318.5,-568.25,-7.578125,4.23828125,0.125,0.0,0.25,0.2589460750023136,0.8140310499875341,0.0,49152.0,0.008246289169873557,196608.0
11,lora_o_r4,hotpotqa,none,4,-8.002816885709763,0.0,886.75,0.0,-11.81640625,0.0,0.05555555555555556,0.0,0.0,0.15599300000758376,0.9246121750038583,0.0,49152.0,0.008246289169873557,196608.0
11,lora_o_r4,hotpotqa,oracle,4,-5.688088923692703,2.3147279620170593,112.0,-774.75,-6.91015625,4.90625,0.0,0.0,0.0,0.18695380000281148,0.9072350500064204,449.0,49152.0,0.008246289169873557,196608.0
11,lora_o_r4,hotpotqa,routed,4,-6.635057359933853,1.3677595257759094,307.5,-579.25,-8.197265625,3.619140625,0.07142857142857144,0.0,0.0,0.16786555001453962,0.8203052249882603,384.0,49152.0,0.008246289169873557,196608.0
11,lora_o_r4,qasper,direct_text,4,-8.971986055374146,-1.791483998298645,21.5,10.5,-8.513671875,-1.740234375,0.0,0.0,0.0,0.502265549992444,1.1141318250156473,0.0,49152.0,0.008246289169873557,196608.0
11,lora_o_r4,qasper,none,4,-7.1805020570755005,0.0,11.0,0.0,-6.7734375,0.0,0.125,0.0,0.5,0.14875799998117145,0.7680377750075422,0.0,49152.0,0.008246289169873557,196608.0
11,lora_o_r4,qasper,oracle,4,-6.043354749679565,1.137147307395935,8.5,-2.5,-5.4609375,1.3125,0.125,0.0,0.5,0.15721609999309294,0.9187745249801083,960.0,49152.0,0.008246289169873557,196608.0
11,lora_o_r4,qasper,routed,4,-6.211706280708313,0.9687957763671875,13.5,2.5,-5.587890625,1.185546875,0.125,0.0,0.5,0.15751714998623356,0.9030824499932351,384.0,49152.0,0.008246289169873557,196608.0
11,lora_o_r8,hotpotqa,direct_text,4,-3.368145540356636,4.6346713453531265,318.5,-568.25,-7.578125,4.23828125,0.125,0.0,0.25,0.2635549499973422,0.8100855249795131,0.0,98304.0,0.016492578339747113,393216.0
11,lora_o_r8,hotpotqa,none,4,-8.002816885709763,0.0,886.75,0.0,-11.81640625,0.0,0.05555555555555556,0.0,0.0,0.16725182501249947,0.77237970000715,0.0,98304.0,0.016492578339747113,393216.0
11,lora_o_r8,hotpotqa,oracle,4,-5.172926068305969,2.8298908174037933,65.5,-821.25,-5.685546875,6.130859375,0.0,0.0,0.0,0.16846764998626895,0.733193525011302,449.0,98304.0,0.016492578339747113,393216.0
11,lora_o_r8,hotpotqa,routed,4,-6.124868869781494,1.8779480159282684,227.25,-659.5,-7.025390625,4.791015625,0.07142857142857144,0.0,0.0,0.16923882500850596,0.756146824976895,384.0,98304.0,0.016492578339747113,393216.0
11,lora_o_r8,qasper,direct_text,4,-8.971986055374146,-1.791483998298645,21.5,10.5,-8.513671875,-1.740234375,0.0,0.0,0.0,0.5068051499838475,1.0913365250016795,0.0,98304.0,0.016492578339747113,393216.0
11,lora_o_r8,qasper,none,4,-7.1805020570755005,0.0,11.0,0.0,-6.7734375,0.0,0.125,0.0,0.5,0.1503358249901794,0.7973029999848222,0.0,98304.0,0.016492578339747113,393216.0
11,lora_o_r8,qasper,oracle,4,-5.589112877845764,1.5913891792297363,10.0,-1.0,-4.830078125,1.943359375,0.0625,0.0,0.25,0.16284107499814127,0.9325946250173729,960.0,98304.0,0.016492578339747113,393216.0
11,lora_o_r8,qasper,routed,4,-5.784606456756592,1.3958956003189087,16.0,5.0,-4.873046875,1.900390625,0.0625,0.0,0.25,0.1555316500016488,0.9943168750032783,384.0,98304.0,0.016492578339747113,393216.0
11,residual_32,hotpotqa,direct_text,4,-3.368145540356636,4.6346713453531265,318.5,-568.25,-7.578125,4.23828125,0.125,0.0,0.25,0.2600418499787338,0.7438589249941288,0.0,393344.0,0.06599178807036833,1573376.0
11,residual_32,hotpotqa,none,4,-8.002816885709763,0.0,886.75,0.0,-11.81640625,0.0,0.05555555555555556,0.0,0.0,0.15618539998831693,0.6842922000068938,0.0,393344.0,0.06599178807036833,1573376.0
11,residual_32,hotpotqa,oracle,4,-4.6262876987457275,3.376529186964035,17.0,-869.75,-6.359375,5.45703125,0.0,0.0,0.0,0.17091114999493584,0.7279898499982664,449.0,393344.0,0.06599178807036833,1573376.0
11,residual_32,hotpotqa,routed,4,-6.555687338113785,1.4471295475959778,72.0,-814.75,-8.42578125,3.390625,0.07142857142857144,0.0,0.0,0.17161365000356454,0.7200359749986092,384.0,393344.0,0.06599178807036833,1573376.0
11,residual_32,qasper,direct_text,4,-8.971986055374146,-1.791483998298645,21.5,10.5,-8.513671875,-1.740234375,0.0,0.0,0.0,0.5010760000004666,1.0066760000045178,0.0,393344.0,0.06599178807036833,1573376.0
11,residual_32,qasper,none,4,-7.1805020570755005,0.0,11.0,0.0,-6.7734375,0.0,0.125,0.0,0.5,0.14603967498987913,0.7149946250137873,0.0,393344.0,0.06599178807036833,1573376.0
11,residual_32,qasper,oracle,4,-5.704078376293182,1.4764236807823181,18.25,7.25,-4.88671875,1.88671875,0.0,0.0,0.0,0.16412922498420812,0.858673175011063,960.0,393344.0,0.06599178807036833,1573376.0
11,residual_32,qasper,routed,4,-5.9753098487854,1.2051922082901,20.5,9.5,-5.056640625,1.716796875,0.0,0.0,0.0,0.16104579999228008,0.8412790250149556,384.0,393344.0,0.06599178807036833,1573376.0
23,fixed,hotpotqa,direct_text,4,-3.368145540356636,4.6346713453531265,318.5,-568.25,-7.578125,4.23828125,0.125,0.0,0.25,0.2628252500144299,0.7748801499983529,0.0,0.0,0.0,0.0
23,fixed,hotpotqa,none,4,-8.002816885709763,0.0,886.75,0.0,-11.81640625,0.0,0.05555555555555556,0.0,0.0,0.15706317500735167,0.7528338999982225,0.0,0.0,0.0,0.0
23,fixed,hotpotqa,oracle,4,-6.999312579631805,1.0035043060779572,236.75,-650.0,-10.423828125,1.392578125,0.05555555555555556,0.0,0.0,0.164328974991804,0.787952425002004,449.0,0.0,0.0,0.0
23,fixed,hotpotqa,routed,4,-7.892500400543213,0.11031648516654968,440.5,-446.25,-11.712890625,0.103515625,0.05555555555555556,0.0,0.0,0.1676264749985421,0.79317250000895,384.0,0.0,0.0,0.0
23,fixed,qasper,direct_text,4,-8.971986055374146,-1.791483998298645,21.5,10.5,-8.513671875,-1.740234375,0.0,0.0,0.0,0.5015863750013523,1.1608144749770872,0.0,0.0,0.0,0.0
23,fixed,qasper,none,4,-7.1805020570755005,0.0,11.0,0.0,-6.7734375,0.0,0.125,0.0,0.5,0.14839342499908525,0.8161225499788998,0.0,0.0,0.0,0.0
23,fixed,qasper,oracle,4,-7.341205358505249,-0.16070330142974854,10.5,-0.5,-6.80078125,-0.02734375,0.125,0.0,0.5,0.15781729998707306,0.9292515749984886,960.0,0.0,0.0,0.0
23,fixed,qasper,routed,4,-7.6368184089660645,-0.45631635189056396,14.75,3.75,-7.125,-0.3515625,0.125,0.0,0.5,0.1582221999997273,0.9126130250224378,384.0,0.0,0.0,0.0
23,lora_o_r2,hotpotqa,direct_text,4,-3.368145540356636,4.6346713453531265,318.5,-568.25,-7.578125,4.23828125,0.125,0.0,0.25,0.26256897501298226,0.7951968499983195,0.0,24576.0,0.004123144584936778,98304.0
23,lora_o_r2,hotpotqa,none,4,-8.002816885709763,0.0,886.75,0.0,-11.81640625,0.0,0.05555555555555556,0.0,0.0,0.15672679997805972,0.7818747999990592,0.0,24576.0,0.004123144584936778,98304.0
23,lora_o_r2,hotpotqa,oracle,4,-6.286003232002258,1.7168136537075043,190.5,-696.25,-8.341796875,3.474609375,0.05555555555555556,0.0,0.0,0.17506322500412352,0.8922739000263391,449.0,24576.0,0.004123144584936778,98304.0
23,lora_o_r2,hotpotqa,routed,4,-7.214253544807434,0.7885633409023285,429.75,-457.0,-9.705078125,2.111328125,0.05555555555555556,0.0,0.0,0.17072917500627227,0.8214500249887351,384.0,24576.0,0.004123144584936778,98304.0
23,lora_o_r2,qasper,direct_text,4,-8.971986055374146,-1.791483998298645,21.5,10.5,-8.513671875,-1.740234375,0.0,0.0,0.0,0.5096038499905262,1.0452030250162352,0.0,24576.0,0.004123144584936778,98304.0
23,lora_o_r2,qasper,none,4,-7.1805020570755005,0.0,11.0,0.0,-6.7734375,0.0,0.125,0.0,0.5,0.1485882249980932,0.7337333500181558,0.0,24576.0,0.004123144584936778,98304.0
23,lora_o_r2,qasper,oracle,4,-6.52939248085022,0.6511095762252808,9.0,-2.0,-6.052734375,0.720703125,0.125,0.0,0.5,0.15856657501717564,0.8614183000026969,960.0,24576.0,0.004123144584936778,98304.0
23,lora_o_r2,qasper,routed,4,-6.699654579162598,0.48084747791290283,13.25,2.25,-6.224609375,0.548828125,0.125,0.0,0.5,0.15657462499802932,0.8099766249943059,384.0,24576.0,0.004123144584936778,98304.0
23,lora_o_r4,hotpotqa,direct_text,4,-3.368145540356636,4.6346713453531265,318.5,-568.25,-7.578125,4.23828125,0.125,0.0,0.25,0.2707127000321634,0.7545950499916216,0.0,49152.0,0.008246289169873557,196608.0
23,lora_o_r4,hotpotqa,none,4,-8.002816885709763,0.0,886.75,0.0,-11.81640625,0.0,0.05555555555555556,0.0,0.0,0.1583337250049226,0.7093189750012243,0.0,49152.0,0.008246289169873557,196608.0
23,lora_o_r4,hotpotqa,oracle,4,-5.940678954124451,2.062137931585312,168.0,-718.75,-7.345703125,4.470703125,0.0,0.0,0.0,0.16634095001791138,0.6453794999833917,449.0,49152.0,0.008246289169873557,196608.0
23,lora_o_r4,hotpotqa,routed,4,-6.827423930168152,1.1753929555416107,413.0,-473.75,-8.51171875,3.3046875,0.0,0.0,0.0,0.16660727499402128,0.6945206499949563,384.0,49152.0,0.008246289169873557,196608.0
23,lora_o_r4,qasper,direct_text,4,-8.971986055374146,-1.791483998298645,21.5,10.5,-8.513671875,-1.740234375,0.0,0.0,0.0,0.5051773249870166,1.0382054000074277,0.0,49152.0,0.008246289169873557,196608.0
23,lora_o_r4,qasper,none,4,-7.1805020570755005,0.0,11.0,0.0,-6.7734375,0.0,0.125,0.0,0.5,0.14820785001211334,0.7425671750243055,0.0,49152.0,0.008246289169873557,196608.0
23,lora_o_r4,qasper,oracle,4,-6.077061653137207,1.1034404039382935,8.25,-2.75,-5.541015625,1.232421875,0.125,0.0,0.5,0.1584324249997735,0.8370944249909371,960.0,49152.0,0.008246289169873557,196608.0
23,lora_o_r4,qasper,routed,4,-6.208047032356262,0.9724550247192383,14.0,3.0,-5.62890625,1.14453125,0.125,0.0,0.5,0.1564839250058867,0.8171366999886231,384.0,49152.0,0.008246289169873557,196608.0
23,lora_o_r8,hotpotqa,direct_text,4,-3.368145540356636,4.6346713453531265,318.5,-568.25,-7.578125,4.23828125,0.125,0.0,0.25,0.26548439999169204,0.7830642499902751,0.0,98304.0,0.016492578339747113,393216.0
23,lora_o_r8,hotpotqa,none,4,-8.002816885709763,0.0,886.75,0.0,-11.81640625,0.0,0.05555555555555556,0.0,0.0,0.15802212498965673,0.7027063500136137,0.0,98304.0,0.016492578339747113,393216.0
23,lora_o_r8,hotpotqa,oracle,4,-5.361361920833588,2.641454964876175,96.5,-790.25,-6.30859375,5.5078125,0.0,0.0,0.0,0.16682304997812025,0.7328032500081463,449.0,98304.0,0.016492578339747113,393216.0
23,lora_o_r8,hotpotqa,routed,4,-6.309798836708069,1.6930180490016937,311.5,-575.25,-7.599609375,4.216796875,0.07142857142857144,0.0,0.0,0.16586332497536205,0.7930311249947408,384.0,98304.0,0.016492578339747113,393216.0
23,lora_o_r8,qasper,direct_text,4,-8.971986055374146,-1.791483998298645,21.5,10.5,-8.513671875,-1.740234375,0.0,0.0,0.0,0.5093801250040997,1.0482499000063399,0.0,98304.0,0.016492578339747113,393216.0
23,lora_o_r8,qasper,none,4,-7.1805020570755005,0.0,11.0,0.0,-6.7734375,0.0,0.125,0.0,0.5,0.14738875003240537,0.7397600499825785,0.0,98304.0,0.016492578339747113,393216.0
23,lora_o_r8,qasper,oracle,4,-5.591191053390503,1.5893110036849976,9.5,-1.5,-4.861328125,1.912109375,0.0625,0.0,0.25,0.1592366000113543,0.8455331000004662,960.0,98304.0,0.016492578339747113,393216.0
23,lora_o_r8,qasper,routed,4,-5.743326187133789,1.4371758699417114,14.75,3.75,-4.857421875,1.916015625,0.0625,0.0,0.25,0.15613064999342896,0.8339256250037579,384.0,98304.0,0.016492578339747113,393216.0
23,residual_32,hotpotqa,direct_text,4,-3.368145540356636,4.6346713453531265,318.5,-568.25,-7.578125,4.23828125,0.125,0.0,0.25,0.26230849999410566,0.7801241999986814,0.0,393344.0,0.06599178807036833,1573376.0
23,residual_32,hotpotqa,none,4,-8.002816885709763,0.0,886.75,0.0,-11.81640625,0.0,0.05555555555555556,0.0,0.0,0.1569027250079671,0.7148792250081897,0.0,393344.0,0.06599178807036833,1573376.0
23,residual_32,hotpotqa,oracle,4,-4.980049014091492,3.022767871618271,24.5,-862.25,-6.81640625,5.0,0.1,0.0,0.0,0.17332489999535028,0.8233644749852829,449.0,393344.0,0.06599178807036833,1573376.0
23,residual_32,hotpotqa,routed,4,-6.894693702459335,1.1081231832504272,95.0,-791.75,-8.73828125,3.078125,0.1,0.0,0.0,0.1732797250006115,0.7515840999840293,384.0,393344.0,0.06599178807036833,1573376.0
23,residual_32,qasper,direct_text,4,-8.971986055374146,-1.791483998298645,21.5,10.5,-8.513671875,-1.740234375,0.0,0.0,0.0,0.5123003749904456,1.0520041749987286,0.0,393344.0,0.06599178807036833,1573376.0
23,residual_32,qasper,none,4,-7.1805020570755005,0.0,11.0,0.0,-6.7734375,0.0,0.125,0.0,0.5,0.14872515000752173,0.7722896500054048,0.0,393344.0,0.06599178807036833,1573376.0
23,residual_32,qasper,oracle,4,-6.507967233657837,0.6725348234176636,17.75,6.75,-5.60546875,1.16796875,0.0,0.0,0.0,0.16542045000824146,0.8087362499936717,960.0,393344.0,0.06599178807036833,1573376.0
23,residual_32,qasper,routed,4,-6.6845942735672,0.4959077835083008,20.75,9.75,-5.71875,1.0546875,0.0,0.0,0.0,0.16245925000112038,0.8251406250055879,384.0,393344.0,0.06599178807036833,1573376.0
37,fixed,hotpotqa,direct_text,4,-3.368145540356636,4.6346713453531265,318.5,-568.25,-7.578125,4.23828125,0.125,0.0,0.25,0.26897032499255147,0.794822825002484,0.0,0.0,0.0,0.0
37,fixed,hotpotqa,none,4,-8.002816885709763,0.0,886.75,0.0,-11.81640625,0.0,0.05555555555555556,0.0,0.0,0.15897492498334032,0.7086936249979772,0.0,0.0,0.0,0.0
37,fixed,hotpotqa,oracle,4,-6.999312579631805,1.0035043060779572,236.75,-650.0,-10.423828125,1.392578125,0.05555555555555556,0.0,0.0,0.16374350000114646,0.7566074499773094,449.0,0.0,0.0,0.0
37,fixed,hotpotqa,routed,4,-7.892500400543213,0.11031648516654968,440.5,-446.25,-11.712890625,0.103515625,0.05555555555555556,0.0,0.0,0.16377817498869263,0.756681024984573,384.0,0.0,0.0,0.0
37,fixed,qasper,direct_text,4,-8.971986055374146,-1.791483998298645,21.5,10.5,-8.513671875,-1.740234375,0.0,0.0,0.0,0.5052287000144133,1.0502943000028608,0.0,0.0,0.0,0.0
37,fixed,qasper,none,4,-7.1805020570755005,0.0,11.0,0.0,-6.7734375,0.0,0.125,0.0,0.5,0.14934722501493525,0.8672315000148956,0.0,0.0,0.0,0.0
37,fixed,qasper,oracle,4,-7.341205358505249,-0.16070330142974854,10.5,-0.5,-6.80078125,-0.02734375,0.125,0.0,0.5,0.15746307498193346,0.8614633249962935,960.0,0.0,0.0,0.0
37,fixed,qasper,routed,4,-7.6368184089660645,-0.45631635189056396,14.75,3.75,-7.125,-0.3515625,0.125,0.0,0.5,0.15374695000355132,0.8254227500146953,384.0,0.0,0.0,0.0
37,lora_o_r2,hotpotqa,direct_text,4,-3.368145540356636,4.6346713453531265,318.5,-568.25,-7.578125,4.23828125,0.125,0.0,0.25,0.2623782500013476,0.8473939499963308,0.0,24576.0,0.004123144584936778,98304.0
37,lora_o_r2,hotpotqa,none,4,-8.002816885709763,0.0,886.75,0.0,-11.81640625,0.0,0.05555555555555556,0.0,0.0,0.15853885000979062,0.8687952499749372,0.0,24576.0,0.004123144584936778,98304.0
37,lora_o_r2,hotpotqa,oracle,4,-6.158598780632019,1.8442181050777435,163.0,-723.75,-7.99609375,3.8203125,0.0,0.0,0.0,0.171501700009685,0.8821969999844441,449.0,24576.0,0.004123144584936778,98304.0
37,lora_o_r2,hotpotqa,routed,4,-7.055813431739807,0.9470034539699554,369.75,-517.0,-9.310546875,2.505859375,0.05555555555555556,0.0,0.0,0.16802737500984222,0.9193805250106379,384.0,24576.0,0.004123144584936778,98304.0
37,lora_o_r2,qasper,direct_text,4,-8.971986055374146,-1.791483998298645,21.5,10.5,-8.513671875,-1.740234375,0.0,0.0,0.0,0.5097183500038227,1.233926849992713,0.0,24576.0,0.004123144584936778,98304.0
37,lora_o_r2,qasper,none,4,-7.1805020570755005,0.0,11.0,0.0,-6.7734375,0.0,0.125,0.0,0.5,0.1537029749888461,0.8523048250208376,0.0,24576.0,0.004123144584936778,98304.0
37,lora_o_r2,qasper,oracle,4,-6.47938084602356,0.7011212110519409,9.5,-1.5,-5.994140625,0.779296875,0.125,0.0,0.5,0.16295514999364968,0.9744730250095017,960.0,24576.0,0.004123144584936778,98304.0
37,lora_o_r2,qasper,routed,4,-6.669818997383118,0.5106830596923828,14.0,3.0,-6.185546875,0.587890625,0.125,0.0,0.5,0.16106665002007503,1.0051576249970822,384.0,24576.0,0.004123144584936778,98304.0
37,lora_o_r4,hotpotqa,direct_text,4,-3.368145540356636,4.6346713453531265,318.5,-568.25,-7.578125,4.23828125,0.125,0.0,0.25,0.2697485500393668,0.8686449249944417,0.0,49152.0,0.008246289169873557,196608.0
37,lora_o_r4,hotpotqa,none,4,-8.002816885709763,0.0,886.75,0.0,-11.81640625,0.0,0.05555555555555556,0.0,0.0,0.15721379999013152,0.8057607000228018,0.0,49152.0,0.008246289169873557,196608.0
37,lora_o_r4,hotpotqa,oracle,4,-5.654700547456741,2.3481163382530212,106.75,-780.0,-6.74609375,5.0703125,0.0,0.0,0.0,0.1674006749963155,0.8080844999931287,449.0,49152.0,0.008246289169873557,196608.0
37,lora_o_r4,hotpotqa,routed,4,-6.561952859163284,1.4408640265464783,312.0,-574.75,-7.9921875,3.82421875,0.07142857142857144,0.0,0.0,0.16852194999228232,0.8405751249811146,384.0,49152.0,0.008246289169873557,196608.0
37,lora_o_r4,qasper,direct_text,4,-8.971986055374146,-1.791483998298645,21.5,10.5,-8.513671875,-1.740234375,0.0,0.0,0.0,0.5113232750009047,1.1600341500161448,0.0,49152.0,0.008246289169873557,196608.0
37,lora_o_r4,qasper,none,4,-7.1805020570755005,0.0,11.0,0.0,-6.7734375,0.0,0.125,0.0,0.5,0.15042267501121387,0.8323520999983884,0.0,49152.0,0.008246289169873557,196608.0
37,lora_o_r4,qasper,oracle,4,-5.999704957008362,1.1807971000671387,8.75,-2.25,-5.44140625,1.33203125,0.125,0.0,0.5,0.16249267499370035,0.9881315499806078,960.0,49152.0,0.008246289169873557,196608.0
37,lora_o_r4,qasper,routed,4,-6.154498219490051,1.0260038375854492,14.5,3.5,-5.556640625,1.216796875,0.125,0.0,0.5,0.16374140001425985,0.9514120999810984,384.0,49152.0,0.008246289169873557,196608.0
37,lora_o_r8,hotpotqa,direct_text,4,-3.368145540356636,4.6346713453531265,318.5,-568.25,-7.578125,4.23828125,0.125,0.0,0.25,0.2731884750101017,0.9164006750070257,0.0,98304.0,0.016492578339747113,393216.0
37,lora_o_r8,hotpotqa,none,4,-8.002816885709763,0.0,886.75,0.0,-11.81640625,0.0,0.05555555555555556,0.0,0.0,0.15926087502157316,0.8484215499629499,0.0,98304.0,0.016492578339747113,393216.0
37,lora_o_r8,hotpotqa,oracle,4,-5.0894166231155396,2.913400262594223,62.25,-824.5,-5.595703125,6.220703125,0.0,0.0,0.0,0.17165054999350104,0.7998080499964999,449.0,98304.0,0.016492578339747113,393216.0
37,lora_o_r8,hotpotqa,routed,4,-6.0409532487392426,1.96186363697052,220.5,-666.25,-6.90625,4.91015625,0.07142857142857144,0.0,0.0,0.1677809250104474,0.8044416250049835,384.0,98304.0,0.016492578339747113,393216.0
37,lora_o_r8,qasper,direct_text,4,-8.971986055374146,-1.791483998298645,21.5,10.5,-8.513671875,-1.740234375,0.0,0.0,0.0,0.5142154750064947,1.1863717500091298,0.0,98304.0,0.016492578339747113,393216.0
37,lora_o_r8,qasper,none,4,-7.1805020570755005,0.0,11.0,0.0,-6.7734375,0.0,0.125,0.0,0.5,0.14922240002488252,0.8485118249955121,0.0,98304.0,0.016492578339747113,393216.0
37,lora_o_r8,qasper,oracle,4,-5.483339071273804,1.6971629858016968,10.25,-0.75,-4.7265625,2.046875,0.0625,0.0,0.25,0.16437110002152622,0.9336185499851126,960.0,98304.0,0.016492578339747113,393216.0
37,lora_o_r8,qasper,routed,4,-5.63830292224884,1.5421991348266602,14.75,3.75,-4.7265625,2.046875,0.0625,0.0,0.25,0.16125765000469983,0.964233674982097,384.0,98304.0,0.016492578339747113,393216.0
37,residual_32,hotpotqa,direct_text,4,-3.368145540356636,4.6346713453531265,318.5,-568.25,-7.578125,4.23828125,0.125,0.0,0.25,0.2696467749919975,0.8185304750077194,0.0,393344.0,0.06599178807036833,1573376.0
37,residual_32,hotpotqa,none,4,-8.002816885709763,0.0,886.75,0.0,-11.81640625,0.0,0.05555555555555556,0.0,0.0,0.15769697500218172,0.7196064250019845,0.0,393344.0,0.06599178807036833,1573376.0
37,residual_32,hotpotqa,oracle,4,-4.653839349746704,3.3489775359630585,24.5,-862.25,-5.6484375,6.16796875,0.0,0.0,0.0,0.1736889500025427,0.7645366500219097,449.0,393344.0,0.06599178807036833,1573376.0
37,residual_32,hotpotqa,routed,4,-6.442308217287064,1.560508668422699,86.0,-800.75,-7.759765625,4.056640625,0.0,0.0,0.0,0.1716754750086693,0.781573575004586,384.0,393344.0,0.06599178807036833,1573376.0
37,residual_32,qasper,direct_text,4,-8.971986055374146,-1.791483998298645,21.5,10.5,-8.513671875,-1.740234375,0.0,0.0,0.0,0.5066172750084661,1.1191706999961752,0.0,393344.0,0.06599178807036833,1573376.0
37,residual_32,qasper,none,4,-7.1805020570755005,0.0,11.0,0.0,-6.7734375,0.0,0.125,0.0,0.5,0.1482173749973299,0.8284505500050727,0.0,393344.0,0.06599178807036833,1573376.0
37,residual_32,qasper,oracle,4,-6.391835451126099,0.7886666059494019,19.0,8.0,-5.7578125,1.015625,0.08333333333333334,0.0,0.25,0.16764914999657776,0.9452661750110565,960.0,393344.0,0.06599178807036833,1573376.0
37,residual_32,qasper,routed,4,-6.451719760894775,0.7287822961807251,20.0,9.0,-5.666015625,1.107421875,0.0,0.0,0.0,0.16398817497247364,0.9625846249982715,384.0,393344.0,0.06599178807036833,1573376.0
53,fixed,hotpotqa,direct_text,4,-3.368145540356636,4.6346713453531265,318.5,-568.25,-7.578125,4.23828125,0.125,0.0,0.25,0.2679022250085836,0.8505122999777086,0.0,0.0,0.0,0.0
53,fixed,hotpotqa,none,4,-8.002816885709763,0.0,886.75,0.0,-11.81640625,0.0,0.05555555555555556,0.0,0.0,0.15700462499808054,0.7993358499952592,0.0,0.0,0.0,0.0
53,fixed,hotpotqa,oracle,4,-6.999312579631805,1.0035043060779572,236.75,-650.0,-10.423828125,1.392578125,0.05555555555555556,0.0,0.0,0.1639693500037538,0.8865823250234826,449.0,0.0,0.0,0.0
53,fixed,hotpotqa,routed,4,-7.892500400543213,0.11031648516654968,440.5,-446.25,-11.712890625,0.103515625,0.05555555555555556,0.0,0.0,0.16593657500925474,0.8938839500187896,384.0,0.0,0.0,0.0
53,fixed,qasper,direct_text,4,-8.971986055374146,-1.791483998298645,21.5,10.5,-8.513671875,-1.740234375,0.0,0.0,0.0,0.515021400002297,1.1450682999857236,0.0,0.0,0.0,0.0
53,fixed,qasper,none,4,-7.1805020570755005,0.0,11.0,0.0,-6.7734375,0.0,0.125,0.0,0.5,0.14972547499928623,0.8299219249893213,0.0,0.0,0.0,0.0
53,fixed,qasper,oracle,4,-7.341205358505249,-0.16070330142974854,10.5,-0.5,-6.80078125,-0.02734375,0.125,0.0,0.5,0.16167305000999477,0.9482590499974322,960.0,0.0,0.0,0.0
53,fixed,qasper,routed,4,-7.6368184089660645,-0.45631635189056396,14.75,3.75,-7.125,-0.3515625,0.125,0.0,0.5,0.15813219999836292,0.9490163499867776,384.0,0.0,0.0,0.0
53,lora_o_r2,hotpotqa,direct_text,4,-3.368145540356636,4.6346713453531265,318.5,-568.25,-7.578125,4.23828125,0.125,0.0,0.25,0.2691211250057677,0.962582600011956,0.0,24576.0,0.004123144584936778,98304.0
53,lora_o_r2,hotpotqa,none,4,-8.002816885709763,0.0,886.75,0.0,-11.81640625,0.0,0.05555555555555556,0.0,0.0,0.16090794999036007,0.8261647249746602,0.0,24576.0,0.004123144584936778,98304.0
53,lora_o_r2,hotpotqa,oracle,4,-6.128145486116409,1.8746713995933533,172.0,-714.75,-7.892578125,3.923828125,0.0,0.0,0.0,0.16938495000067633,0.9039917750051245,449.0,24576.0,0.004123144584936778,98304.0
53,lora_o_r2,hotpotqa,routed,4,-7.039421945810318,0.9633949398994446,399.75,-487.0,-9.240234375,2.576171875,0.05555555555555556,0.0,0.0,0.1685752999910619,0.9225772250210866,384.0,24576.0,0.004123144584936778,98304.0
53,lora_o_r2,qasper,direct_text,4,-8.971986055374146,-1.791483998298645,21.5,10.5,-8.513671875,-1.740234375,0.0,0.0,0.0,0.5150523500051349,1.1823405000031926,0.0,24576.0,0.004123144584936778,98304.0
53,lora_o_r2,qasper,none,4,-7.1805020570755005,0.0,11.0,0.0,-6.7734375,0.0,0.125,0.0,0.5,0.15094434999627993,0.8682888250186807,0.0,24576.0,0.004123144584936778,98304.0
53,lora_o_r2,qasper,oracle,4,-6.406851768493652,0.7736502885818481,9.25,-1.75,-5.90234375,0.87109375,0.125,0.0,0.5,0.16249865001009312,0.9338023000018438,960.0,24576.0,0.004123144584936778,98304.0
53,lora_o_r2,qasper,routed,4,-6.609769344329834,0.5707327127456665,13.75,2.75,-6.1015625,0.671875,0.125,0.0,0.5,0.15800897499138955,0.9761333250062307,384.0,24576.0,0.004123144584936778,98304.0
53,lora_o_r4,hotpotqa,direct_text,4,-3.368145540356636,4.6346713453531265,318.5,-568.25,-7.578125,4.23828125,0.125,0.0,0.25,0.273225300014019,0.8481152000022121,0.0,49152.0,0.008246289169873557,196608.0
53,lora_o_r4,hotpotqa,none,4,-8.002816885709763,0.0,886.75,0.0,-11.81640625,0.0,0.05555555555555556,0.0,0.0,0.15856735000852495,0.8274852750037098,0.0,49152.0,0.008246289169873557,196608.0
53,lora_o_r4,hotpotqa,oracle,4,-5.7275689244270325,2.27524796128273,126.75,-760.0,-6.91796875,4.8984375,0.0,0.0,0.0,0.1731202749942895,0.840338999973028,449.0,49152.0,0.008246289169873557,196608.0
53,lora_o_r4,hotpotqa,routed,4,-6.611774355173111,1.3910425305366516,334.5,-552.25,-8.099609375,3.716796875,0.07142857142857144,0.0,0.0,0.1701531499857083,0.802152100004605,384.0,49152.0,0.008246289169873557,196608.0
53,lora_o_r4,qasper,direct_text,4,-8.971986055374146,-1.791483998298645,21.5,10.5,-8.513671875,-1.740234375,0.0,0.0,0.0,0.517729525003233,1.4574951749964384,0.0,49152.0,0.008246289169873557,196608.0
53,lora_o_r4,qasper,none,4,-7.1805020570755005,0.0,11.0,0.0,-6.7734375,0.0,0.125,0.0,0.5,0.1532713749911636,0.9379173750057817,0.0,49152.0,0.008246289169873557,196608.0
53,lora_o_r4,qasper,oracle,4,-5.908023834228516,1.2724782228469849,8.25,-2.75,-5.337890625,1.435546875,0.125,0.0,0.5,0.16195594999589957,1.0110762249969412,960.0,49152.0,0.008246289169873557,196608.0
53,lora_o_r4,qasper,routed,4,-6.065418124198914,1.115083932876587,14.0,3.0,-5.455078125,1.318359375,0.125,0.0,0.5,0.1601455000054557,1.3358726000005845,384.0,49152.0,0.008246289169873557,196608.0
53,lora_o_r8,hotpotqa,direct_text,4,-3.368145540356636,4.6346713453531265,318.5,-568.25,-7.578125,4.23828125,0.125,0.0,0.25,0.2667440999794053,0.8458535750105511,0.0,98304.0,0.016492578339747113,393216.0
53,lora_o_r8,hotpotqa,none,4,-8.002816885709763,0.0,886.75,0.0,-11.81640625,0.0,0.05555555555555556,0.0,0.0,0.1608653500006767,0.768488024972612,0.0,98304.0,0.016492578339747113,393216.0
53,lora_o_r8,hotpotqa,oracle,4,-5.278683453798294,2.7241334319114685,73.5,-813.25,-5.931640625,5.884765625,0.0,0.0,0.0,0.24606392499117646,0.7804368999786675,449.0,98304.0,0.016492578339747113,393216.0
53,lora_o_r8,hotpotqa,routed,4,-6.167911618947983,1.8349052667617798,244.75,-642.0,-7.123046875,4.693359375,0.07142857142857144,0.0,0.0,0.16794205000041984,0.8664741499960655,384.0,98304.0,0.016492578339747113,393216.0
53,lora_o_r8,qasper,direct_text,4,-8.971986055374146,-1.791483998298645,21.5,10.5,-8.513671875,-1.740234375,0.0,0.0,0.0,0.5214877999969758,1.125677550022374,0.0,98304.0,0.016492578339747113,393216.0
53,lora_o_r8,qasper,none,4,-7.1805020570755005,0.0,11.0,0.0,-6.7734375,0.0,0.125,0.0,0.5,0.14831830000912305,0.8172269249771489,0.0,98304.0,0.016492578339747113,393216.0
53,lora_o_r8,qasper,oracle,4,-5.455538272857666,1.7249637842178345,8.75,-2.25,-4.716796875,2.056640625,0.0625,0.0,0.25,0.15777962499123532,0.9099098500155378,960.0,98304.0,0.016492578339747113,393216.0
53,lora_o_r8,qasper,routed,4,-5.621004819869995,1.5594972372055054,14.0,3.0,-4.724609375,2.048828125,0.0625,0.0,0.25,0.1560423000046285,0.911581299995305,384.0,98304.0,0.016492578339747113,393216.0
53,residual_32,hotpotqa,direct_text,4,-3.368145540356636,4.6346713453531265,318.5,-568.25,-7.578125,4.23828125,0.125,0.0,0.25,0.2688365499925567,0.8614424249972217,0.0,393344.0,0.06599178807036833,1573376.0
53,residual_32,hotpotqa,none,4,-8.002816885709763,0.0,886.75,0.0,-11.81640625,0.0,0.05555555555555556,0.0,0.0,0.16397155000595376,0.7889113499841187,0.0,393344.0,0.06599178807036833,1573376.0
53,residual_32,hotpotqa,oracle,4,-5.1720592975616455,2.830757588148117,41.75,-845.0,-7.322265625,4.494140625,0.125,0.0,0.25,0.17675080000481103,0.8351813750196015,449.0,393344.0,0.06599178807036833,1573376.0
53,residual_32,hotpotqa,routed,4,-7.023200273513794,0.9796166121959686,143.25,-743.5,-9.328125,2.48828125,0.07142857142857144,0.0,0.0,0.17547777498839423,0.9098603250022279,384.0,393344.0,0.06599178807036833,1573376.0
53,residual_32,qasper,direct_text,4,-8.971986055374146,-1.791483998298645,21.5,10.5,-8.513671875,-1.740234375,0.0,0.0,0.0,0.5115489999880083,1.1384964250028133,0.0,393344.0,0.06599178807036833,1573376.0
53,residual_32,qasper,none,4,-7.1805020570755005,0.0,11.0,0.0,-6.7734375,0.0,0.125,0.0,0.5,0.1506121249840362,0.8455634249985451,0.0,393344.0,0.06599178807036833,1573376.0
53,residual_32,qasper,oracle,4,-5.923001289367676,1.2575007677078247,12.5,1.5,-5.078125,1.6953125,0.0625,0.0,0.25,0.16873022499203216,0.986768974995357,960.0,393344.0,0.06599178807036833,1573376.0
53,residual_32,qasper,routed,4,-6.19274640083313,0.9877556562423706,15.5,4.5,-5.23828125,1.53515625,0.0625,0.0,0.25,0.16690585001197178,0.9768997750070412,384.0,393344.0,0.06599178807036833,1573376.0
71,fixed,hotpotqa,direct_text,4,-3.368145540356636,4.6346713453531265,318.5,-568.25,-7.578125,4.23828125,0.125,0.0,0.25,0.2695888500165893,0.8255262500024401,0.0,0.0,0.0,0.0
71,fixed,hotpotqa,none,4,-8.002816885709763,0.0,886.75,0.0,-11.81640625,0.0,0.05555555555555556,0.0,0.0,0.15772767500311602,0.789815375013859,0.0,0.0,0.0,0.0
71,fixed,hotpotqa,oracle,4,-6.999312579631805,1.0035043060779572,236.75,-650.0,-10.423828125,1.392578125,0.05555555555555556,0.0,0.0,0.1746750750025967,0.8881747000123141,449.0,0.0,0.0,0.0
71,fixed,hotpotqa,routed,4,-7.892500400543213,0.11031648516654968,440.5,-446.25,-11.712890625,0.103515625,0.05555555555555556,0.0,0.0,0.16595195000991225,0.8195079500001157,384.0,0.0,0.0,0.0
71,fixed,qasper,direct_text,4,-8.971986055374146,-1.791483998298645,21.5,10.5,-8.513671875,-1.740234375,0.0,0.0,0.0,0.5141165999812074,1.0882295000192244,0.0,0.0,0.0,0.0
71,fixed,qasper,none,4,-7.1805020570755005,0.0,11.0,0.0,-6.7734375,0.0,0.125,0.0,0.5,0.1479558499995619,0.7993819250114029,0.0,0.0,0.0,0.0
71,fixed,qasper,oracle,4,-7.341205358505249,-0.16070330142974854,10.5,-0.5,-6.80078125,-0.02734375,0.125,0.0,0.5,0.1600087000115309,0.9236651749961311,960.0,0.0,0.0,0.0
71,fixed,qasper,routed,4,-7.6368184089660645,-0.45631635189056396,14.75,3.75,-7.125,-0.3515625,0.125,0.0,0.5,0.15851522498996928,0.8597194499889156,384.0,0.0,0.0,0.0
71,lora_o_r2,hotpotqa,direct_text,4,-3.368145540356636,4.6346713453531265,318.5,-568.25,-7.578125,4.23828125,0.125,0.0,0.25,0.26698552501329686,0.8682769499864662,0.0,24576.0,0.004123144584936778,98304.0
71,lora_o_r2,hotpotqa,none,4,-8.002816885709763,0.0,886.75,0.0,-11.81640625,0.0,0.05555555555555556,0.0,0.0,0.1584494750131853,0.7766222249774728,0.0,24576.0,0.004123144584936778,98304.0
71,lora_o_r2,hotpotqa,oracle,4,-6.385794520378113,1.6170223653316498,194.0,-692.75,-8.681640625,3.134765625,0.05555555555555556,0.0,0.0,0.16906642499088775,0.8726123250089586,449.0,24576.0,0.004123144584936778,98304.0
71,lora_o_r2,hotpotqa,routed,4,-7.275383293628693,0.72743359208107,406.5,-480.25,-10.005859375,1.810546875,0.05555555555555556,0.0,0.0,0.16591737500857562,1.0086774750088807,384.0,24576.0,0.004123144584936778,98304.0
71,lora_o_r2,qasper,direct_text,4,-8.971986055374146,-1.791483998298645,21.5,10.5,-8.513671875,-1.740234375,0.0,0.0,0.0,0.519193299987819,1.1062386250123382,0.0,24576.0,0.004123144584936778,98304.0
71,lora_o_r2,qasper,none,4,-7.1805020570755005,0.0,11.0,0.0,-6.7734375,0.0,0.125,0.0,0.5,0.14895369998703245,0.8788964999985183,0.0,24576.0,0.004123144584936778,98304.0
71,lora_o_r2,qasper,oracle,4,-6.613956809043884,0.5665452480316162,9.5,-1.5,-6.142578125,0.630859375,0.125,0.0,0.5,0.16651347502192948,0.9362364750122651,960.0,24576.0,0.004123144584936778,98304.0
71,lora_o_r2,qasper,routed,4,-6.8165283203125,0.3639737367630005,14.0,3.0,-6.353515625,0.419921875,0.125,0.0,0.5,0.15601345000322908,0.9008136250049574,384.0,24576.0,0.004123144584936778,98304.0
71,lora_o_r4,hotpotqa,direct_text,4,-3.368145540356636,4.6346713453531265,318.5,-568.25,-7.578125,4.23828125,0.125,0.0,0.25,0.26922555001510773,0.911969400011003,0.0,49152.0,0.008246289169873557,196608.0
71,lora_o_r4,hotpotqa,none,4,-8.002816885709763,0.0,886.75,0.0,-11.81640625,0.0,0.05555555555555556,0.0,0.0,0.1605489750072593,0.8511459000001196,0.0,49152.0,0.008246289169873557,196608.0
71,lora_o_r4,hotpotqa,oracle,4,-5.7639182806015015,2.238898605108261,136.0,-750.75,-7.080078125,4.736328125,0.0,0.0,0.0,0.17297670000698417,0.8041664249903988,449.0,49152.0,0.008246289169873557,196608.0
71,lora_o_r4,hotpotqa,routed,4,-6.642758816480637,1.360058069229126,351.0,-535.75,-8.310546875,3.505859375,0.07142857142857144,0.0,0.0,0.16726707498310134,0.8227365500060841,384.0,49152.0,0.008246289169873557,196608.0
71,lora_o_r4,qasper,direct_text,4,-8.971986055374146,-1.791483998298645,21.5,10.5,-8.513671875,-1.740234375,0.0,0.0,0.0,0.5145607499871403,1.1164760749961715,0.0,49152.0,0.008246289169873557,196608.0
71,lora_o_r4,qasper,none,4,-7.1805020570755005,0.0,11.0,0.0,-6.7734375,0.0,0.125,0.0,0.5,0.149372649990255,0.9476078249863349,0.0,49152.0,0.008246289169873557,196608.0
71,lora_o_r4,qasper,oracle,4,-6.001692533493042,1.1788095235824585,8.5,-2.5,-5.44140625,1.33203125,0.125,0.0,0.5,0.1589553249941673,0.9189561749954009,960.0,49152.0,0.008246289169873557,196608.0
71,lora_o_r4,qasper,routed,4,-6.15823757648468,1.0222644805908203,14.5,3.5,-5.541015625,1.232421875,0.125,0.0,0.5,0.15979360000346787,0.8960587999899872,384.0,49152.0,0.008246289169873557,196608.0
71,lora_o_r8,hotpotqa,direct_text,4,-3.368145540356636,4.6346713453531265,318.5,-568.25,-7.578125,4.23828125,0.125,0.0,0.25,0.2700746000336949,0.8249817999894731,0.0,98304.0,0.016492578339747113,393216.0
71,lora_o_r8,hotpotqa,none,4,-8.002816885709763,0.0,886.75,0.0,-11.81640625,0.0,0.05555555555555556,0.0,0.0,0.1584131499985233,0.7851078000094276,0.0,98304.0,0.016492578339747113,393216.0
71,lora_o_r8,hotpotqa,oracle,4,-5.234629571437836,2.768187314271927,79.25,-807.5,-6.048828125,5.767578125,0.0,0.0,0.0,0.16895157500403002,0.8261374250141671,449.0,98304.0,0.016492578339747113,393216.0
71,lora_o_r8,hotpotqa,routed,4,-6.138618052005768,1.8641988337039948,266.25,-620.5,-7.294921875,4.521484375,0.07142857142857144,0.0,0.0,0.17017830000258982,0.8600674249901203,384.0,98304.0,0.016492578339747113,393216.0
71,lora_o_r8,qasper,direct_text,4,-8.971986055374146,-1.791483998298645,21.5,10.5,-8.513671875,-1.740234375,0.0,0.0,0.0,0.5102504749811487,1.1709779999946477,0.0,98304.0,0.016492578339747113,393216.0
71,lora_o_r8,qasper,none,4,-7.1805020570755005,0.0,11.0,0.0,-6.7734375,0.0,0.125,0.0,0.5,0.15001794999989215,0.8239120250218548,0.0,98304.0,0.016492578339747113,393216.0
71,lora_o_r8,qasper,oracle,4,-5.509848952293396,1.6706531047821045,9.5,-1.5,-4.779296875,1.994140625,0.0625,0.0,0.25,0.1622703500033822,0.9803677500021877,960.0,98304.0,0.016492578339747113,393216.0
71,lora_o_r8,qasper,routed,4,-5.678754448890686,1.5017476081848145,14.5,3.5,-4.79296875,1.98046875,0.0625,0.0,0.25,0.16285092501493637,0.9678239749919157,384.0,98304.0,0.016492578339747113,393216.0
71,residual_32,hotpotqa,direct_text,4,-3.368145540356636,4.6346713453531265,318.5,-568.25,-7.578125,4.23828125,0.125,0.0,0.25,0.2714043000014499,0.8200513999909163,0.0,393344.0,0.06599178807036833,1573376.0
71,residual_32,hotpotqa,none,4,-8.002816885709763,0.0,886.75,0.0,-11.81640625,0.0,0.05555555555555556,0.0,0.0,0.15849152498412877,0.7550225750019308,0.0,393344.0,0.06599178807036833,1573376.0
71,residual_32,hotpotqa,oracle,4,-5.141810745000839,2.8610061407089233,51.75,-835.0,-7.3671875,4.44921875,0.0,0.0,0.0,0.1771597000042675,0.7976223249861505,449.0,393344.0,0.06599178807036833,1573376.0
71,residual_32,hotpotqa,routed,4,-7.049217581748962,0.9535993039608002,187.5,-699.25,-9.517578125,2.298828125,0.07142857142857144,0.0,0.0,0.17521950000082143,0.8055231499747606,384.0,393344.0,0.06599178807036833,1573376.0
71,residual_32,qasper,direct_text,4,-8.971986055374146,-1.791483998298645,21.5,10.5,-8.513671875,-1.740234375,0.0,0.0,0.0,0.5140341999940574,1.1798076249979204,0.0,393344.0,0.06599178807036833,1573376.0
71,residual_32,qasper,none,4,-7.1805020570755005,0.0,11.0,0.0,-6.7734375,0.0,0.125,0.0,0.5,0.16040162499120925,0.8099189500062494,0.0,393344.0,0.06599178807036833,1573376.0
71,residual_32,qasper,oracle,4,-6.264298260211945,0.9162037968635559,15.75,4.75,-5.70703125,1.06640625,0.0,0.0,0.0,0.166356125017046,0.9489064749941463,960.0,393344.0,0.06599178807036833,1573376.0
71,residual_32,qasper,routed,4,-6.412532329559326,0.7679697275161743,18.5,7.5,-5.787109375,0.986328125,0.0,0.0,0.0,0.16425605000404175,0.8397645249933703,384.0,393344.0,0.06599178807036833,1573376.0
